subject_id,game_difficulty,world_number,ibi
AL09OL,easy,1,528.0
AL09OL,easy,1,816.0
AL09OL,easy,1,5068.0
AL09OL,easy,1,1133.0
AL09OL,easy,1,850.0
AL09OL,easy,1,1350.0
AL09OL,easy,1,716.0
AL09OL,easy,1,1017.0
AL09OL,easy,1,803.0
AL09OL,easy,1,1264.0
AL09OL,easy,1,928.0
AL09OL,easy,1,752.0
AL09OL,easy,1,627.0
AL09OL,easy,1,448.0
AL09OL,easy,1,448.0
AL09OL,easy,1,1088.0
AL09OL,easy,1,944.0
AL09OL,easy,1,672.0
AL09OL,easy,1,1056.0
AL09OL,easy,1,2638.0
AL09OL,easy,1,1107.0
AL09OL,easy,2,700.0
AL09OL,easy,2,467.0
AL09OL,easy,2,2734.0
AL09OL,easy,2,3050.0
AL09OL,easy,2,2984.0
AL09OL,easy,2,3348.0
AL09OL,easy,2,1350.0
AL09OL,easy,2,283.0
AL09OL,easy,2,367.0
AL09OL,easy,2,383.0
AL09OL,easy,2,2317.0
AL09OL,easy,3,1168.0
AL09OL,easy,3,1766.0
AL09OL,easy,3,2766.0
AL09OL,easy,3,3033.0
AL09OL,easy,3,733.0
AL09OL,easy,3,2750.0
AL09OL,easy,3,1166.0
AL09OL,easy,3,3750.0
AL09OL,easy,3,650.0
AL09OL,easy,3,1150.0
AL09OL,easy,3,600.0
AL09OL,easy,3,816.0
AL09OL,easy,3,400.0
AL09OL,easy,3,634.0
AL09OL,easy,3,434.0
AL09OL,easy,3,1700.0
AL09OL,easy,3,2850.0
AL09OL,easy,3,266.0
AL09OL,easy,3,533.0
AL09OL,easy,3,734.0
AL09OL,easy,3,1633.0
AL09OL,easy,3,224.0
AL09OL,easy,3,567.0
AL09OL,easy,3,433.0
AL09OL,easy,3,400.0
AL09OL,easy,3,532.0
AL09OL,easy,3,232.0
AL09OL,easy,3,498.0
AL09OL,easy,3,2433.0
AL09OL,easy,3,717.0
AL09OL,easy,3,1783.0
AL09OL,easy,3,853.0
AL09OL,easy,3,717.0
AL09OL,easy,3,1267.0
AL09OL,easy,3,583.0
AL09OL,easy,3,2134.0
AL09OL,easy,3,1150.0
AL09OL,easy,4,3200.0
AL09OL,easy,4,1344.0
AL09OL,easy,4,704.0
AL09OL,easy,4,464.0
AL09OL,easy,4,1792.0
AL09OL,easy,4,320.0
AL09OL,easy,4,853.0
AL09OL,easy,4,1554.0
AL09OL,easy,4,486.0
AL09OL,easy,4,3739.0
AL09OL,easy,4,1895.0
AL09OL,easy,4,1330.0
AL09OL,easy,4,592.0
AL09OL,easy,4,1378.0
AL09OL,easy,4,690.0
AL09OL,easy,4,1173.0
AL09OL,easy,4,459.0
AL09OL,easy,4,677.0
AL09OL,easy,4,1450.0
AL09OL,easy,4,2100.0
AL09OL,easy,4,1650.0
AL09OL,easy,4,331.0
AL09OL,easy,5,4256.0
AL09OL,easy,5,1568.0
AL09OL,easy,5,992.0
AL09OL,easy,5,433.0
AL09OL,easy,5,688.0
AL09OL,easy,5,1088.0
AL09OL,easy,5,2480.0
AL09OL,easy,5,448.0
AL09OL,easy,5,768.0
AL09OL,easy,5,416.0
AL09OL,easy,5,736.0
AL09OL,easy,5,768.0
AL09OL,easy,5,384.0
AL09OL,easy,5,400.0
AL09OL,easy,5,464.0
AL09OL,easy,5,224.0
AL09OL,easy,5,1136.0
AL09OL,easy,5,1184.0
AL09OL,easy,5,1024.0
AL09OL,easy,5,704.0
AL09OL,easy,5,512.0
AL09OL,easy,5,2352.0
AL09OL,easy,5,704.0
AL09OL,easy,5,400.0
AL09OL,easy,5,1218.0
AL09OL,easy,5,704.0
AL09OL,easy,5,816.0
AL09OL,easy,5,2528.0
AL09OL,easy,5,512.0
AL09OL,easy,5,464.0
AL09OL,easy,5,1408.0
AL09OL,easy,5,2032.0
AL09OL,easy,5,1744.0
AL09OL,easy,5,752.0
AL09OL,easy,5,560.0
AL09OL,easy,5,272.0
AL09OL,easy,5,384.0
AL09OL,easy,5,464.0
AL09OL,easy,5,624.0
AL09OL,easy,5,913.0
AL09OL,easy,5,1152.0
AL09OL,easy,5,528.0
AL09OL,easy,5,624.0
AL09OL,easy,5,800.0
AL09OL,easy,5,368.0
AL09OL,easy,5,544.0
AL09OL,easy,6,656.0
AL09OL,easy,6,560.0
AL09OL,easy,6,895.0
AL09OL,easy,6,2609.0
AL09OL,easy,6,6100.0
AL09OL,easy,6,1316.0
AL09OL,easy,6,783.0
AL09OL,easy,6,684.0
AL09OL,easy,6,1417.0
AL09OL,easy,6,1783.0
AL09OL,easy,6,883.0
AL09OL,easy,6,983.0
AL09OL,easy,7,267.0
AL09OL,easy,7,2216.0
AL09OL,easy,7,2666.0
AL09OL,easy,7,333.0
AL09OL,easy,7,250.0
AL09OL,easy,7,766.0
AL09OL,easy,8,3312.0
AL09OL,easy,8,3060.0
AL09OL,easy,8,2734.0
AL09OL,easy,8,749.0
AL09OL,easy,8,3200.0
AL09OL,easy,8,817.0
AL09OL,easy,8,433.0
AL09OL,easy,8,383.0
AL09OL,easy,8,617.0
AL09OL,easy,8,850.0
AL09OL,easy,8,650.0
AL09OL,easy,8,483.0
AL09OL,easy,8,784.0
AL09OL,easy,9,1936.0
AL09OL,easy,9,2224.0
AL09OL,easy,9,1474.0
AL09OL,easy,9,488.0
AL09OL,easy,9,800.0
AL09OL,easy,9,3233.0
AL09OL,easy,9,700.0
AL09OL,easy,9,1149.0
AL09OL,easy,9,1284.0
AL09OL,easy,9,984.0
AL09OL,easy,9,2950.0
AL09OL,easy,9,950.0
AL09OL,easy,9,702.0
AL09OL,easy,9,1333.0
AL09OL,easy,9,850.0
AL09OL,easy,9,834.0
AL09OL,easy,9,2617.0
AL09OL,easy,9,750.0
AL09OL,easy,9,517.0
AL09OL,easy,9,933.0
AL09OL,easy,9,267.0
AL09OL,easy,9,467.0
AL09OL,easy,9,534.0
AL09OL,easy,9,1167.0
AL09OL,easy,9,1034.0
AL09OL,easy,9,1217.0
AL09OL,easy,9,750.0
AL09OL,easy,9,450.0
AL09OL,easy,9,467.0
AL09OL,easy,9,450.0
AL09OL,easy,9,867.0
AL09OL,easy,9,782.0
AL09OL,easy,9,1350.0
AL09OL,easy,9,1550.0
AL09OL,easy,9,700.0
AL09OL,easy,9,1550.0
AL09OL,easy,9,681.0
AL09OL,easy,9,1051.0
AL09OL,easy,9,733.0
AL09OL,easy,10,1056.0
AL09OL,easy,10,672.0
AL09OL,easy,10,3024.0
AL09OL,easy,10,400.0
AL09OL,easy,10,480.0
AL09OL,easy,10,288.0
AL09OL,easy,10,416.0
AL09OL,easy,10,464.0
AL09OL,easy,10,512.0
AL09OL,easy,10,1343.0
AL09OL,easy,10,1488.0
AL09OL,easy,10,400.0
AL09OL,easy,10,672.0
AL09OL,easy,10,1248.0
AL09OL,easy,10,560.0
AL09OL,easy,10,1472.0
AL09OL,easy,10,1072.0
AL09OL,easy,10,592.0
AL09OL,easy,10,880.0
AL09OL,easy,10,736.0
AL09OL,easy,10,1328.0
AL09OL,easy,11,1232.0
AL09OL,easy,11,4720.0
AL09OL,easy,11,848.0
AL09OL,easy,11,1024.0
AL09OL,easy,11,688.0
AL09OL,easy,11,880.0
AL09OL,easy,11,400.0
AL09OL,easy,11,784.0
AL09OL,easy,11,1313.0
AL09OL,easy,11,1392.0
AL09OL,easy,11,2704.0
AL09OL,easy,11,464.0
AL09OL,easy,11,416.0
AL09OL,easy,11,544.0
AL09OL,easy,11,1200.0
AL09OL,easy,11,1077.0
AL09OL,easy,11,1344.0
AL09OL,easy,11,1008.0
AL09OL,easy,11,640.0
AL09OL,easy,11,976.0
AL09OL,easy,11,736.0
AL09OL,easy,11,880.0
AL09OL,easy,11,2500.0
AL09OL,easy,11,656.0
AL09OL,easy,11,576.0
AL09OL,easy,11,464.0
AL09OL,easy,11,512.0
AL09OL,easy,11,288.0
AL09OL,easy,11,608.0
AL09OL,easy,11,1328.0
AL09OL,easy,11,2304.0
AL09OL,easy,11,544.0
AL09OL,easy,11,688.0
AL09OL,easy,11,688.0
AL09OL,easy,11,384.0
AL09OL,easy,11,704.0
AL09OL,easy,11,1296.0
AL09OL,easy,11,832.0
AL09OL,easy,11,1664.0
AL09OL,easy,11,480.0
AL09OL,easy,11,834.0
AL09OL,easy,11,1280.0
AL09OL,easy,11,1408.0
AL09OL,easy,11,704.0
AL09OL,easy,11,624.0
AL09OL,easy,11,579.0
AL09OL,easy,11,368.0
AL09OL,easy,11,1504.0
AL09OL,easy,11,675.0
AL09OL,easy,11,2016.0
AL09OL,easy,11,3954.0
AL09OL,easy,11,1360.0
AL09OL,easy,12,1264.0
AL09OL,easy,12,1138.0
AL09OL,easy,12,5285.0
AL09OL,easy,12,967.0
AL09OL,easy,12,500.0
AL09OL,easy,12,2116.0
AL09OL,easy,12,1050.0
AL09OL,easy,12,750.0
AL09OL,easy,12,1800.0
AL09OL,easy,12,1017.0
AL09OL,easy,12,450.0
AL09OL,easy,12,700.0
AL09OL,easy,12,600.0
AL09OL,easy,12,1517.0
AL09OL,easy,12,666.0
AL09OL,easy,12,382.0
AL09OL,easy,12,832.0
AL09OL,easy,12,466.0
AL09OL,easy,12,2283.0
AL09OL,easy,12,484.0
AL09OL,easy,12,1333.0
AL09OL,easy,12,500.0
AL09OL,easy,12,334.0
AL09OL,easy,12,784.0
AL09OL,easy,12,950.0
AL09OL,easy,13,3072.0
AL09OL,easy,13,976.0
AL09OL,easy,13,816.0
AL09OL,easy,13,5520.0
AL09OL,easy,13,880.0
AL09OL,easy,13,1679.0
AL09OL,easy,13,1072.0
AL09OL,easy,13,656.0
AL09OL,easy,13,3009.0
AL09OL,easy,13,912.0
AL09OL,easy,14,912.0
AL09OL,easy,14,656.0
AL09OL,easy,14,864.0
AL09OL,easy,14,2224.0
AL09OL,easy,14,432.0
AL09OL,easy,14,2255.0
AL09OL,easy,14,432.0
AL09OL,easy,14,416.0
AL09OL,easy,14,640.0
AL09OL,easy,14,592.0
AL09OL,easy,14,800.0
AL09OL,easy,14,1264.0
AL09OL,easy,14,928.0
AL09OL,easy,14,928.0
AL09OL,easy,14,448.0
AL09OL,easy,14,3120.0
AL09OL,easy,14,784.0
AL09OL,easy,14,320.0
AL09OL,easy,14,736.0
AL09OL,easy,14,2752.0
AL09OL,easy,14,960.0
AL09OL,easy,14,960.0
AL09OL,easy,14,560.0
AL09OL,easy,14,1632.0
AL09OL,easy,14,832.0
AL09OL,easy,14,1439.0
AL09OL,easy,14,1632.0
AL09OL,easy,14,656.0
AL09OL,easy,14,2736.0
AL09OL,easy,14,560.0
AL09OL,easy,14,512.0
AL09OL,easy,14,928.0
AL09OL,easy,14,688.0
AL09OL,easy,14,688.0
AL09OL,easy,14,912.0
AL09OL,easy,14,576.0
AL09OL,easy,14,1600.0
AL09OL,easy,14,976.0
AL09OL,easy,14,1152.0
AL09OL,easy,14,1072.0
AL09OL,easy,14,1200.0
AL09OL,easy,14,2000.0
AL09OL,easy,14,1040.0
AL09OL,easy,14,800.0
AL09OL,easy,14,976.0
AL09OL,easy,14,1104.0
AL09OL,easy,14,720.0
AL09OL,easy,14,336.0
AL09OL,easy,14,1663.0
AL09OL,easy,14,1440.0
AL09OL,easy,14,591.0
AL09OL,easy,14,624.0
AL09OL,easy,14,911.0
AL09OL,easy,14,1264.0
AL09OL,easy,14,1408.0
AL09OL,easy,14,544.0
AL09OL,easy,15,1232.0
AL09OL,easy,15,320.0
AL09OL,easy,16,1952.0
AL09OL,easy,17,2384.0
AL09OL,easy,17,1104.0
AL09OL,easy,17,5861.0
AL09OL,easy,17,2323.0
AL09OL,easy,17,1360.0
AL09OL,easy,18,576.0
AL09OL,easy,18,1363.0
AL09OL,easy,18,3344.0
AL09OL,easy,18,1232.0
AL09OL,easy,18,624.0
AL09OL,easy,18,304.0
AL09OL,easy,18,320.0
AL09OL,easy,19,4183.0
AL09OL,easy,19,750.0
AL09OL,easy,19,967.0
AL09OL,easy,19,2134.0
AL09OL,easy,19,2001.0
AL09OL,easy,19,1833.0
AL09OL,easy,19,1450.0
AL09OL,easy,19,833.0
AL09OL,easy,19,284.0
AL09OL,easy,19,383.0
AL09OL,easy,19,1333.0
AL09OL,easy,19,1450.0
AL09OL,easy,19,1167.0
AL09OL,easy,19,1067.0
AL09OL,easy,19,1783.0
AL09OL,easy,19,1166.0
AL09OL,hard,0,568.0
AL09OL,hard,0,766.0
AL09OL,hard,0,1930.0
AL09OL,hard,0,1776.0
AL09OL,hard,0,4717.0
AL09OL,hard,0,900.0
AL09OL,hard,0,1567.0
AL09OL,hard,0,1267.0
AL09OL,hard,0,570.0
AL09OL,hard,0,904.0
AL09OL,hard,0,369.0
AL09OL,hard,0,912.0
AL09OL,hard,0,624.0
AL09OL,hard,0,400.0
AL09OL,hard,0,864.0
AL09OL,hard,0,463.0
AL09OL,hard,0,704.0
AL09OL,hard,0,338.0
AL09OL,hard,0,1696.0
AL09OL,hard,0,801.0
AL09OL,hard,0,592.0
AL09OL,hard,0,400.0
AL09OL,hard,0,1072.0
AL09OL,hard,0,772.0
AL09OL,hard,0,886.0
AL09OL,hard,0,1104.0
AL09OL,hard,0,1008.0
AL09OL,hard,0,864.0
AL09OL,hard,0,480.0
AL09OL,hard,0,624.0
AL09OL,hard,0,1552.0
AL09OL,hard,0,2032.0
AL09OL,hard,0,1136.0
AL09OL,hard,0,1232.0
AL09OL,hard,0,1728.0
AL09OL,hard,0,1056.0
AL09OL,hard,0,1520.0
AL09OL,hard,0,912.0
AL09OL,hard,0,656.0
AL09OL,hard,0,2692.0
AL09OL,hard,0,1122.0
AL09OL,hard,0,1076.0
AL09OL,hard,0,4466.0
AL09OL,hard,0,1600.0
AL09OL,hard,0,433.0
AL09OL,hard,0,1134.0
AL09OL,hard,0,481.0
AL09OL,hard,0,983.0
AL09OL,hard,0,684.0
AL09OL,hard,0,1783.0
AL09OL,hard,0,4583.0
AL09OL,hard,1,1108.0
AL09OL,hard,1,1329.0
AL09OL,hard,1,1417.0
AL09OL,hard,1,1400.0
AL09OL,hard,1,1100.0
AL09OL,hard,1,600.0
AL09OL,hard,1,3100.0
AL09OL,hard,1,1617.0
AL09OL,hard,1,467.0
AL09OL,hard,1,900.0
AL09OL,hard,1,684.0
AL09OL,hard,1,633.0
AL09OL,hard,1,4100.0
AL09OL,hard,1,2034.0
AL09OL,hard,1,352.0
AL09OL,hard,1,1116.0
AL09OL,hard,1,800.0
AL09OL,hard,1,767.0
AL09OL,hard,1,399.0
AL09OL,hard,1,466.0
AL09OL,hard,1,486.0
AL09OL,hard,2,3073.0
AL09OL,hard,2,2738.0
AL09OL,hard,2,849.0
AL09OL,hard,2,948.0
AL09OL,hard,2,942.0
AL09OL,hard,2,178.0
AL09OL,hard,2,2660.0
AL09OL,hard,2,1813.0
AL09OL,hard,2,1008.0
AL09OL,hard,2,592.0
AL09OL,hard,2,752.0
AL09OL,hard,2,2640.0
AL09OL,hard,2,496.0
AL09OL,hard,2,945.0
AL09OL,hard,2,560.0
AL09OL,hard,2,1136.0
AL09OL,hard,2,704.0
AL09OL,hard,2,736.0
AL09OL,hard,2,608.0
AL09OL,hard,2,1360.0
AL09OL,hard,2,688.0
AL09OL,hard,2,785.0
AL09OL,hard,2,1216.0
AL09OL,hard,2,480.0
AL09OL,hard,2,1984.0
AL09OL,hard,2,720.0
AL09OL,hard,2,2816.0
AL09OL,hard,2,464.0
AL09OL,hard,2,850.0
AL09OL,hard,2,224.0
AL09OL,hard,2,1808.0
AL09OL,hard,2,1040.0
AL09OL,hard,2,784.0
AL09OL,hard,2,576.0
AL09OL,hard,2,800.0
AL09OL,hard,2,784.0
AL09OL,hard,2,1728.0
AL09OL,hard,2,1248.0
AL09OL,hard,2,1152.0
AL09OL,hard,2,1232.0
AL09OL,hard,2,768.0
AL09OL,hard,2,964.0
AL09OL,hard,2,624.0
AL09OL,hard,2,560.0
AL09OL,hard,2,496.0
AL09OL,hard,2,688.0
AL09OL,hard,2,864.0
AL09OL,hard,2,656.0
AL09OL,hard,3,616.0
AL09OL,hard,3,1550.0
AL09OL,hard,3,733.0
AL09OL,hard,3,366.0
AL09OL,hard,3,999.0
AL09OL,hard,3,2200.0
AL09OL,hard,3,1500.0
AL09OL,hard,3,1984.0
AL09OL,hard,3,1267.0
AL09OL,hard,3,5050.0
AL09OL,hard,3,900.0
AL09OL,hard,3,2033.0
AL09OL,hard,3,800.0
AL09OL,hard,3,254.0
AL09OL,hard,3,1954.0
AL09OL,hard,3,1050.0
AL09OL,hard,3,1966.0
AL09OL,hard,3,850.0
AL09OL,hard,3,600.0
AL09OL,hard,3,750.0
AL09OL,hard,3,384.0
AL09OL,hard,3,383.0
AL09OL,hard,3,1499.0
AL09OL,hard,3,834.0
AL09OL,hard,3,583.0
AL09OL,hard,3,350.0
AL09OL,hard,3,533.0
AL09OL,hard,3,1200.0
AL09OL,hard,3,267.0
AL09OL,hard,3,1201.0
AL09OL,hard,3,1417.0
AL09OL,hard,3,1084.0
AL09OL,hard,3,1334.0
AL09OL,hard,3,850.0
AL09OL,hard,3,2017.0
AL09OL,hard,3,383.0
AL09OL,hard,3,798.0
AL09OL,hard,3,733.0
AL09OL,hard,3,817.0
AL09OL,hard,4,544.0
AL09OL,hard,4,768.0
AL09OL,hard,4,498.0
AL09OL,hard,4,802.0
AL09OL,hard,4,1495.0
AL09OL,hard,4,480.0
AL09OL,hard,4,351.0
AL09OL,hard,4,300.0
AL09OL,hard,4,666.0
AL09OL,hard,4,1017.0
AL09OL,hard,4,734.0
AL09OL,hard,4,1483.0
AL09OL,hard,4,784.0
AL09OL,hard,4,649.0
AL09OL,hard,4,417.0
AL09OL,hard,4,3917.0
AL09OL,hard,4,550.0
AL09OL,hard,4,1104.0
AL09OL,hard,4,896.0
AL09OL,hard,4,560.0
AL09OL,hard,4,864.0
AL09OL,hard,4,867.0
AL09OL,hard,4,720.0
AL09OL,hard,4,352.0
AL09OL,hard,4,784.0
AL09OL,hard,4,448.0
AL09OL,hard,4,368.0
AL09OL,hard,4,400.0
AL09OL,hard,4,1760.0
AL09OL,hard,4,1280.0
AL09OL,hard,4,512.0
AL09OL,hard,4,757.0
AL09OL,hard,4,432.0
AL09OL,hard,4,464.0
AL09OL,hard,4,273.0
AL09OL,hard,4,576.0
AL09OL,hard,4,848.0
AL09OL,hard,4,1164.0
AL09OL,hard,4,416.0
AL09OL,hard,4,1350.0
AL09OL,hard,4,500.0
AL09OL,hard,4,367.0
AL09OL,hard,4,383.0
AL09OL,hard,4,883.0
AL09OL,hard,4,900.0
AL09OL,hard,4,2050.0
AL09OL,hard,4,800.0
AL09OL,hard,4,1467.0
AL09OL,hard,4,618.0
AL09OL,hard,4,483.0
AL09OL,hard,4,266.0
AL09OL,hard,4,1700.0
AL09OL,hard,4,1417.0
AL09OL,hard,4,1101.0
AL09OL,hard,4,933.0
AL09OL,hard,4,584.0
AL09OL,hard,4,417.0
AL09OL,hard,4,517.0
AL09OL,hard,4,383.0
AL09OL,hard,4,400.0
AL09OL,hard,4,616.0
AL09OL,hard,4,784.0
AL09OL,hard,4,883.0
AL09OL,hard,4,2517.0
AL09OL,hard,6,432.0
AL09OL,hard,6,401.0
AL09OL,hard,6,598.0
AL09OL,hard,6,1136.0
AL09OL,hard,6,544.0
AL09OL,hard,6,4542.0
AL09OL,hard,6,650.0
AL09OL,hard,6,450.0
AL09OL,hard,6,1167.0
AL09OL,hard,6,466.0
AL09OL,hard,6,584.0
AL09OL,hard,6,8817.0
AL09OL,hard,6,600.0
AL09OL,hard,6,1334.0
AL09OL,hard,6,850.0
AL09OL,hard,6,1367.0
AL09OL,hard,6,400.0
AL09OL,hard,6,683.0
AL09OL,hard,6,466.0
AL09OL,hard,7,1474.0
AL09OL,hard,7,832.0
AL09OL,hard,8,417.0
AL09OL,hard,8,261.0
AL09OL,hard,8,533.0
AL09OL,hard,8,250.0
AL09OL,hard,8,650.0
AL09OL,hard,8,766.0
AL09OL,hard,8,1744.0
AL09OL,hard,8,1550.0
AL09OL,hard,8,4050.0
AL09OL,hard,8,1833.0
AL09OL,hard,8,2750.0
AL09OL,hard,8,800.0
AL09OL,hard,8,1767.0
AL09OL,hard,8,1483.0
AL09OL,hard,8,717.0
AL09OL,hard,8,150.0
AL09OL,hard,8,300.0
AL09OL,hard,8,361.0
AL09OL,hard,8,583.0
AL09OL,hard,8,1167.0
AL09OL,hard,8,367.0
AL09OL,hard,8,400.0
AL09OL,hard,8,2300.0
AL09OL,hard,8,583.0
AL09OL,hard,8,1267.0
AL09OL,hard,8,650.0
AL09OL,hard,8,1333.0
AL09OL,hard,8,1066.0
AL09OL,hard,8,1217.0
AL09OL,hard,9,896.0
AL09OL,hard,9,736.0
AL09OL,hard,9,1722.0
AL09OL,hard,9,336.0
AL09OL,hard,9,4043.0
AL09OL,hard,9,2600.0
AL09OL,hard,9,834.0
AL09OL,hard,9,1317.0
AL09OL,hard,9,1683.0
AL09OL,hard,9,500.0
AL09OL,hard,9,1284.0
AL09OL,hard,9,533.0
AL09OL,hard,9,1719.0
AL09OL,hard,9,705.0
AL09OL,hard,9,832.0
AL09OL,hard,9,2370.0
AL09OL,hard,9,1942.0
AL09OL,hard,9,1766.0
AL09OL,hard,9,594.0
AL09OL,hard,9,2793.0
AL09OL,hard,9,1582.0
AL09OL,hard,9,1150.0
AL09OL,hard,9,750.0
AL09OL,hard,9,500.0
AL09OL,hard,9,683.0
AL09OL,hard,9,2051.0
AL09OL,hard,9,634.0
AL09OL,hard,9,1366.0
AL09OL,hard,9,600.0
AL09OL,hard,9,900.0
AL09OL,hard,9,584.0
AL09OL,hard,9,784.0
AL09OL,hard,9,2967.0
AL09OL,hard,9,466.0
AL09OL,hard,9,516.0
AL09OL,hard,9,768.0
AL09OL,hard,9,717.0
AL09OL,hard,9,2149.0
AL09OL,hard,9,1935.0
AL09OL,hard,9,1233.0
AL09OL,hard,9,1384.0
AL09OL,hard,9,1100.0
AL09OL,hard,9,434.0
AL09OL,hard,9,733.0
AL09OL,hard,9,433.0
AL09OL,hard,9,616.0
AL09OL,hard,9,500.0
AL09OL,hard,9,416.0
AL09OL,hard,9,1317.0
AL09OL,hard,9,450.0
AL09OL,hard,9,567.0
AL09OL,hard,10,736.0
AL09OL,hard,10,534.0
AL09OL,hard,10,1008.0
AL09OL,hard,10,560.0
AL09OL,hard,10,698.0
AL09OL,hard,10,1200.0
AL09OL,hard,10,1116.0
AL09OL,hard,10,700.0
AL09OL,hard,10,1717.0
AL09OL,hard,11,900.0
AL09OL,hard,11,1033.0
AL09OL,hard,11,800.0
AL09OL,hard,11,950.0
AL09OL,hard,12,592.0
AL09OL,hard,12,880.0
AL09OL,hard,12,576.0
AL09OL,hard,12,336.0
AL09OL,hard,12,496.0
AL09OL,hard,13,1024.0
AL09OL,hard,13,336.0
AL09OL,hard,13,2049.0
AL09OL,hard,13,5184.0
AL09OL,hard,14,1120.0
AL09OL,hard,14,1951.0
AL09OL,hard,14,1010.0
AL09OL,hard,14,800.0
AL09OL,hard,15,576.0
AL09OL,hard,15,784.0
AL09OL,hard,15,3345.0
AL09OL,hard,15,1043.0
AL09OL,hard,15,562.0
AL09OL,hard,15,617.0
AL09OL,hard,15,4367.0
AL09OL,hard,15,967.0
AL09OL,hard,15,320.0
AL09OL,hard,15,304.0
AL09OL,hard,15,512.0
AL09OL,hard,15,672.0
AL09OL,hard,15,1712.0
AL09OL,hard,15,3583.0
AL09OL,hard,15,528.0
AL09OL,hard,15,368.0
AL09OL,hard,15,368.0
AL09OL,hard,15,480.0
AL09OL,hard,15,736.0
AL09OL,hard,15,1760.0
AL09OL,hard,15,688.0
AL09OL,hard,15,848.0
AL09OL,hard,15,944.0
AL09OL,hard,15,368.0
AL09OL,hard,15,469.0
AL09OL,hard,15,624.0
AL09OL,hard,15,640.0
AL09OL,hard,15,1056.0
AL09OL,hard,15,448.0
AL09OL,hard,15,562.0
AL09OL,hard,15,1440.0
AL09OL,hard,15,704.0
AL09OL,hard,15,816.0
AL09OL,hard,15,1266.0
AL09OL,hard,15,2434.0
AL09OL,hard,15,1506.0
AL09OL,hard,15,528.0
AL09OL,hard,15,464.0
AL09OL,hard,15,656.0
AL09OL,hard,15,929.0
AL09OL,hard,15,465.0
AL09OL,hard,15,560.0
AL09OL,hard,16,767.0
AL09OL,hard,16,950.0
AL09OL,hard,17,5632.0
AL09OL,hard,17,528.0
AL09OL,hard,17,3319.0
AL09OL,hard,18,2358.0
AL09OL,hard,18,624.0
AL09OL,hard,18,336.0
AL09OL,hard,18,528.0
AL09OL,hard,18,1745.0
AL09OL,hard,18,583.0
AL09OL,hard,18,500.0
AL09OL,hard,18,346.0
AL09OL,hard,18,1050.0
AL09OL,hard,18,666.0
AL09OL,hard,18,849.0
AL09OL,hard,18,6550.0
AL09OL,hard,18,1233.0
AL09OL,hard,18,834.0
AL09OL,hard,18,483.0
AL09OL,hard,18,1100.0
AL09OL,hard,18,1316.0
AL09OL,hard,18,501.0
AL09OL,hard,18,562.0
AL09OL,hard,18,386.0
AL09OL,hard,18,436.0
AL09OL,hard,18,950.0
AL09OL,hard,18,900.0
AL09OL,hard,18,300.0
AL09OL,hard,18,350.0
AL09OL,hard,18,283.0
AL09OL,hard,18,1783.0
AL09OL,hard,18,1016.0
AL09OL,hard,18,500.0
AL09OL,hard,18,567.0
AL09OL,hard,18,634.0
AL09OL,hard,18,1484.0
AL09OL,hard,18,583.0
AL09OL,hard,18,450.0
AL09OL,hard,18,551.0
AL09OL,hard,18,567.0
AL09OL,hard,18,1784.0
AL09OL,hard,18,350.0
AL09OL,hard,18,850.0
AL09OL,hard,18,667.0
AL09OL,hard,18,500.0
AL09OL,hard,18,800.0
AL09OL,hard,18,633.0
AL09OL,hard,18,1883.0
AL09OL,hard,18,633.0
AL09OL,hard,18,600.0
AL09OL,hard,18,617.0
AL09OL,hard,18,667.0
AL09OL,hard,18,666.0
AL09OL,hard,18,1600.0
AL09OL,hard,18,583.0
AL09OL,hard,18,1000.0
AL09OL,hard,18,316.0
AL09OL,hard,18,1069.0
AL09OL,hard,18,300.0
AL09OL,hard,18,600.0
AL09OL,hard,18,250.0
AL09OL,hard,18,1600.0
AL09OL,hard,18,816.0
AL09OL,hard,18,1083.0
AL09OL,hard,18,550.0
AL09OL,hard,18,600.0
AL09OL,hard,18,500.0
AL09OL,hard,18,1333.0
AL09OL,hard,18,4133.0
AL09OL,hard,18,366.0
AL09OL,hard,19,451.0
AL09OL,hard,19,350.0
AL09OL,hard,19,730.0
AL09OL,hard,19,400.0
AL09OL,hard,19,333.0
AL09OL,hard,19,532.0
AL09OL,hard,19,717.0
AL09OL,hard,19,667.0
AL09OL,hard,19,867.0
AL09OL,hard,19,1033.0
AL09OL,hard,19,200.0
AL09OL,hard,19,1467.0
AL09OL,normal,0,320.0
AL09OL,normal,0,400.0
AL09OL,normal,0,432.0
AL09OL,normal,0,1075.0
AL09OL,normal,0,576.0
AL09OL,normal,0,400.0
AL09OL,normal,0,368.0
AL09OL,normal,0,2624.0
AL09OL,normal,0,2149.0
AL09OL,normal,0,2250.0
AL09OL,normal,0,2318.0
AL09OL,normal,0,3072.0
AL09OL,normal,0,816.0
AL09OL,normal,0,784.0
AL09OL,normal,0,560.0
AL09OL,normal,0,416.0
AL09OL,normal,0,1232.0
AL09OL,normal,0,1536.0
AL09OL,normal,0,3009.0
AL09OL,normal,0,1008.0
AL09OL,normal,0,1953.0
AL09OL,normal,0,1184.0
AL09OL,normal,0,640.0
AL09OL,normal,0,736.0
AL09OL,normal,0,561.0
AL09OL,normal,0,544.0
AL09OL,normal,0,819.0
AL09OL,normal,0,1293.0
AL09OL,normal,0,1008.0
AL09OL,normal,0,1056.0
AL09OL,normal,0,896.0
AL09OL,normal,0,1856.0
AL09OL,normal,0,960.0
AL09OL,normal,0,991.0
AL09OL,normal,0,591.0
AL09OL,normal,0,868.0
AL09OL,normal,0,1248.0
AL09OL,normal,0,1490.0
AL09OL,normal,0,816.0
AL09OL,normal,0,1556.0
AL09OL,normal,0,1091.0
AL09OL,normal,0,1050.0
AL09OL,normal,0,1600.0
AL09OL,normal,0,1150.0
AL09OL,normal,0,967.0
AL09OL,normal,0,966.0
AL09OL,normal,0,1346.0
AL09OL,normal,0,640.0
AL09OL,normal,0,1148.0
AL09OL,normal,0,562.0
AL09OL,normal,0,866.0
AL09OL,normal,0,706.0
AL09OL,normal,0,482.0
AL09OL,normal,0,1491.0
AL09OL,normal,0,2940.0
AL09OL,normal,0,913.0
AL09OL,normal,1,4284.0
AL09OL,normal,1,633.0
AL09OL,normal,1,4733.0
AL09OL,normal,1,1950.0
AL09OL,normal,1,650.0
AL09OL,normal,1,450.0
AL09OL,normal,1,1750.0
AL09OL,normal,1,2350.0
AL09OL,normal,1,917.0
AL09OL,normal,1,500.0
AL09OL,normal,1,367.0
AL09OL,normal,1,417.0
AL09OL,normal,1,1000.0
AL09OL,normal,1,1434.0
AL09OL,normal,1,2034.0
AL09OL,normal,1,834.0
AL09OL,normal,1,550.0
AL09OL,normal,1,367.0
AL09OL,normal,1,650.0
AL09OL,normal,1,2049.0
AL09OL,normal,1,1133.0
AL09OL,normal,1,967.0
AL09OL,normal,1,1434.0
AL09OL,normal,1,3234.0
AL09OL,normal,1,850.0
AL09OL,normal,1,434.0
AL09OL,normal,1,800.0
AL09OL,normal,1,433.0
AL09OL,normal,1,450.0
AL09OL,normal,1,467.0
AL09OL,normal,1,1050.0
AL09OL,normal,1,1917.0
AL09OL,normal,1,2467.0
AL09OL,normal,1,2117.0
AL09OL,normal,1,1567.0
AL09OL,normal,1,4912.0
AL09OL,normal,1,656.0
AL09OL,normal,1,736.0
AL09OL,normal,1,914.0
AL09OL,normal,1,258.0
AL09OL,normal,1,944.0
AL09OL,normal,1,464.0
AL09OL,normal,1,608.0
AL09OL,normal,1,800.0
AL09OL,normal,2,8003.0
AL09OL,normal,2,753.0
AL09OL,normal,2,984.0
AL09OL,normal,2,969.0
AL09OL,normal,2,403.0
AL09OL,normal,2,1266.0
AL09OL,normal,2,1371.0
AL09OL,normal,2,2243.0
AL09OL,normal,2,324.0
AL09OL,normal,2,967.0
AL09OL,normal,2,1344.0
AL09OL,normal,2,560.0
AL09OL,normal,3,1503.0
AL09OL,normal,3,416.0
AL09OL,normal,3,368.0
AL09OL,normal,3,432.0
AL09OL,normal,3,914.0
AL09OL,normal,3,1904.0
AL09OL,normal,3,960.0
AL09OL,normal,3,1264.0
AL09OL,normal,3,624.0
AL09OL,normal,3,1720.0
AL09OL,normal,3,1913.0
AL09OL,normal,3,344.0
AL09OL,normal,3,420.0
AL09OL,normal,3,336.0
AL09OL,normal,3,1185.0
AL09OL,normal,3,1009.0
AL09OL,normal,3,3798.0
AL09OL,normal,3,1054.0
AL09OL,normal,3,978.0
AL09OL,normal,3,1333.0
AL09OL,normal,3,433.0
AL09OL,normal,3,683.0
AL09OL,normal,3,717.0
AL09OL,normal,3,350.0
AL09OL,normal,3,383.0
AL09OL,normal,3,1084.0
AL09OL,normal,3,1083.0
AL09OL,normal,3,1083.0
AL09OL,normal,3,350.0
AL09OL,normal,3,534.0
AL09OL,normal,3,984.0
AL09OL,normal,3,2467.0
AL09OL,normal,3,1950.0
AL09OL,normal,3,1617.0
AL09OL,normal,4,992.0
AL09OL,normal,4,659.0
AL09OL,normal,4,2832.0
AL09OL,normal,4,80.0
AL09OL,normal,4,1367.0
AL09OL,normal,4,2417.0
AL09OL,normal,4,7800.0
AL09OL,normal,4,1483.0
AL09OL,normal,4,867.0
AL09OL,normal,4,683.0
AL09OL,normal,4,316.0
AL09OL,normal,4,800.0
AL09OL,normal,4,717.0
AL09OL,normal,4,433.0
AL09OL,normal,4,750.0
AL09OL,normal,4,617.0
AL09OL,normal,4,634.0
AL09OL,normal,4,516.0
AL09OL,normal,4,1484.0
AL09OL,normal,4,1050.0
AL09OL,normal,4,3133.0
AL09OL,normal,4,950.0
AL09OL,normal,4,3717.0
AL09OL,normal,4,697.0
AL09OL,normal,4,818.0
AL09OL,normal,4,432.0
AL09OL,normal,4,784.0
AL09OL,normal,4,464.0
AL09OL,normal,4,704.0
AL09OL,normal,4,1424.0
AL09OL,normal,4,544.0
AL09OL,normal,4,432.0
AL09OL,normal,4,1584.0
AL09OL,normal,4,496.0
AL09OL,normal,4,800.0
AL09OL,normal,4,1280.0
AL09OL,normal,4,400.0
AL09OL,normal,4,848.0
AL09OL,normal,4,848.0
AL09OL,normal,4,848.0
AL09OL,normal,4,1728.0
AL09OL,normal,4,336.0
AL09OL,normal,4,817.0
AL09OL,normal,4,802.0
AL09OL,normal,4,516.0
AL09OL,normal,5,336.0
AL09OL,normal,5,1202.0
AL09OL,normal,5,144.0
AL09OL,normal,5,2656.0
AL09OL,normal,5,832.0
AL09OL,normal,5,434.0
AL09OL,normal,5,2103.0
AL09OL,normal,5,700.0
AL09OL,normal,5,433.0
AL09OL,normal,5,2333.0
AL09OL,normal,5,1183.0
AL09OL,normal,5,566.0
AL09OL,normal,5,2067.0
AL09OL,normal,5,288.0
AL09OL,normal,5,648.0
AL09OL,normal,5,1281.0
AL09OL,normal,5,380.0
AL09OL,normal,5,384.0
AL09OL,normal,5,1787.0
AL09OL,normal,5,304.0
AL09OL,normal,5,264.0
AL09OL,normal,5,350.0
AL09OL,normal,5,426.0
AL09OL,normal,5,4577.0
AL09OL,normal,5,1200.0
AL09OL,normal,5,1133.0
AL09OL,normal,5,884.0
AL09OL,normal,5,1001.0
AL09OL,normal,5,667.0
AL09OL,normal,5,750.0
AL09OL,normal,5,600.0
AL09OL,normal,5,550.0
AL09OL,normal,5,452.0
AL09OL,normal,5,816.0
AL09OL,normal,5,867.0
AL09OL,normal,5,516.0
AL09OL,normal,5,733.0
AL09OL,normal,5,783.0
AL09OL,normal,5,883.0
AL09OL,normal,5,1383.0
AL09OL,normal,5,1883.0
AL09OL,normal,5,1607.0
AL09OL,normal,6,2578.0
AL09OL,normal,6,1775.0
AL09OL,normal,6,1200.0
AL09OL,normal,6,1873.0
AL09OL,normal,6,304.0
AL09OL,normal,6,1600.0
AL09OL,normal,6,1185.0
AL09OL,normal,6,626.0
AL09OL,normal,6,528.0
AL09OL,normal,6,240.0
AL09OL,normal,6,3296.0
AL09OL,normal,6,800.0
AL09OL,normal,6,720.0
AL09OL,normal,6,768.0
AL09OL,normal,6,1838.0
AL09OL,normal,6,1082.0
AL09OL,normal,6,449.0
AL09OL,normal,6,550.0
AL09OL,normal,6,1133.0
AL09OL,normal,6,798.0
AL09OL,normal,6,2634.0
AL09OL,normal,6,1033.0
AL09OL,normal,6,966.0
AL09OL,normal,6,1302.0
AL09OL,normal,6,949.0
AL09OL,normal,6,533.0
AL09OL,normal,6,4084.0
AL09OL,normal,6,1200.0
AL09OL,normal,6,833.0
AL09OL,normal,6,300.0
AL09OL,normal,6,1166.0
AL09OL,normal,6,2733.0
AL09OL,normal,6,1416.0
AL09OL,normal,6,550.0
AL09OL,normal,8,929.0
AL09OL,normal,8,1168.0
AL09OL,normal,8,2256.0
AL09OL,normal,8,304.0
AL09OL,normal,8,400.0
AL09OL,normal,8,2071.0
AL09OL,normal,8,1216.0
AL09OL,normal,8,434.0
AL09OL,normal,8,3313.0
AL09OL,normal,8,707.0
AL09OL,normal,9,1345.0
AL09OL,normal,9,1265.0
AL09OL,normal,9,545.0
AL09OL,normal,9,1346.0
AL09OL,normal,9,2011.0
AL09OL,normal,9,2327.0
AL09OL,normal,9,1884.0
AL09OL,normal,9,2300.0
AL09OL,normal,9,2329.0
AL09OL,normal,9,656.0
AL09OL,normal,9,1811.0
AL09OL,normal,9,976.0
AL09OL,normal,11,2992.0
AL09OL,normal,11,608.0
AL09OL,normal,11,400.0
AL09OL,normal,11,336.0
AL09OL,normal,11,5679.0
AL09OL,normal,11,1425.0
AL09OL,normal,11,416.0
AL09OL,normal,11,1376.0
AL09OL,normal,11,2626.0
AL09OL,normal,11,1829.0
AL09OL,normal,11,544.0
AL09OL,normal,11,2128.0
AL09OL,normal,11,1952.0
AL09OL,normal,11,928.0
AL09OL,normal,11,1711.0
AL09OL,normal,11,1152.0
AL09OL,normal,11,1072.0
AL09OL,normal,11,560.0
AL09OL,normal,11,1504.0
AL09OL,normal,11,417.0
AL09OL,normal,11,1312.0
AL09OL,normal,11,871.0
AL09OL,normal,11,480.0
AL09OL,normal,11,1028.0
AL09OL,normal,11,160.0
AL09OL,normal,11,1440.0
AL09OL,normal,11,288.0
AL09OL,normal,11,913.0
AL09OL,normal,11,176.0
AL09OL,normal,11,1536.0
AL09OL,normal,11,946.0
AL09OL,normal,11,1296.0
AL09OL,normal,11,432.0
AL09OL,normal,11,272.0
AL09OL,normal,11,656.0
AL09OL,normal,11,528.0
AL09OL,normal,11,402.0
AL09OL,normal,11,896.0
AL09OL,normal,12,785.0
AL09OL,normal,12,552.0
AL09OL,normal,12,1032.0
AL09OL,normal,12,200.0
AL09OL,normal,12,1951.0
AL09OL,normal,12,1167.0
AL09OL,normal,12,1617.0
AL09OL,normal,12,1934.0
AL09OL,normal,12,2600.0
AL09OL,normal,12,4617.0
AL09OL,normal,12,550.0
AL09OL,normal,12,3150.0
AL09OL,normal,12,1017.0
AL09OL,normal,12,350.0
AL09OL,normal,12,816.0
AL09OL,normal,12,600.0
AL09OL,normal,12,2317.0
AL09OL,normal,12,383.0
AL09OL,normal,12,2617.0
AL09OL,normal,12,767.0
AL09OL,normal,12,517.0
AL09OL,normal,12,450.0
AL09OL,normal,12,901.0
AL09OL,normal,12,1900.0
AL09OL,normal,12,700.0
AL09OL,normal,12,283.0
AL09OL,normal,12,250.0
AL09OL,normal,12,1267.0
AL09OL,normal,12,3683.0
AL09OL,normal,12,950.0
AL09OL,normal,12,417.0
AL09OL,normal,12,717.0
AL09OL,normal,12,1200.0
AL09OL,normal,12,650.0
AL09OL,normal,12,1432.0
AL09OL,normal,12,1201.0
AL09OL,normal,12,1150.0
AL09OL,normal,12,1083.0
AL09OL,normal,12,933.0
AL09OL,normal,12,666.0
AL09OL,normal,12,917.0
AL09OL,normal,12,234.0
AL09OL,normal,12,733.0
AL09OL,normal,12,400.0
AL09OL,normal,12,1265.0
AL09OL,normal,12,600.0
AL09OL,normal,12,1050.0
AL09OL,normal,12,900.0
AL09OL,normal,12,2256.0
AL09OL,normal,12,1216.0
AL09OL,normal,13,432.0
AL09OL,normal,13,1360.0
AL09OL,normal,13,368.0
AL09OL,normal,13,592.0
AL09OL,normal,13,752.0
AL09OL,normal,13,1648.0
AL09OL,normal,13,480.0
AL09OL,normal,13,784.0
AL09OL,normal,13,448.0
AL09OL,normal,13,528.0
AL09OL,normal,13,1729.0
AL09OL,normal,13,1344.0
AL09OL,normal,13,800.0
AL09OL,normal,13,2048.0
AL09OL,normal,13,784.0
AL09OL,normal,13,2178.0
AL09OL,normal,13,624.0
AL09OL,normal,13,752.0
AL09OL,normal,13,1024.0
AL09OL,normal,13,1008.0
AL09OL,normal,13,2593.0
AL09OL,normal,13,1329.0
AL09OL,normal,13,960.0
AL09OL,normal,13,288.0
AL09OL,normal,13,432.0
AL09OL,normal,13,720.0
AL09OL,normal,13,672.0
AL09OL,normal,13,336.0
AL09OL,normal,13,1488.0
AL09OL,normal,13,1328.0
AL09OL,normal,13,480.0
AL09OL,normal,13,976.0
AL09OL,normal,13,544.0
AL09OL,normal,13,640.0
AL09OL,normal,14,1056.0
AL09OL,normal,14,976.0
AL09OL,normal,14,305.0
AL09OL,normal,14,690.0
AL09OL,normal,14,4833.0
AL09OL,normal,14,367.0
AL09OL,normal,14,533.0
AL09OL,normal,14,984.0
AL09OL,normal,14,833.0
AL09OL,normal,14,600.0
AL09OL,normal,14,766.0
AL09OL,normal,14,1867.0
AL09OL,normal,14,1601.0
AL09OL,normal,14,3267.0
AL09OL,normal,14,917.0
AL09OL,normal,14,1966.0
AL09OL,normal,14,2267.0
AL09OL,normal,14,1016.0
AL09OL,normal,16,2052.0
AL09OL,normal,16,3412.0
AL09OL,normal,16,2957.0
AL09OL,normal,16,1000.0
AL09OL,normal,16,500.0
AL09OL,normal,16,417.0
AL09OL,normal,16,1750.0
AL09OL,normal,16,1467.0
AL09OL,normal,16,2034.0
AL09OL,normal,16,883.0
AL09OL,normal,16,2416.0
AL09OL,normal,16,684.0
AL09OL,normal,16,366.0
AL09OL,normal,16,473.0
AL09OL,normal,16,1100.0
AL09OL,normal,16,366.0
AL09OL,normal,16,383.0
AL09OL,normal,16,850.0
AL09OL,normal,16,617.0
AL09OL,normal,16,467.0
AL09OL,normal,17,752.0
AL09OL,normal,17,1840.0
AL09OL,normal,19,584.0
AN06AN,easy,0,24451.0
AN06AN,easy,0,1150.0
AN06AN,easy,0,6383.0
AN06AN,easy,0,3333.0
AN06AN,easy,0,10384.0
AN06AN,easy,2,1550.0
AN06AN,easy,2,917.0
AN06AN,easy,2,2784.0
AN06AN,easy,2,1100.0
AN06AN,easy,3,14197.0
AN06AN,easy,3,3100.0
AN06AN,easy,3,4134.0
AN06AN,easy,3,583.0
AN06AN,easy,4,288.0
AN06AN,easy,4,6897.0
AN06AN,easy,5,11809.0
AN06AN,easy,5,20533.0
AN06AN,easy,6,3317.0
AN06AN,easy,6,617.0
AN06AN,easy,6,634.0
AN06AN,easy,6,15900.0
AN06AN,easy,13,500.0
AN06AN,easy,13,2800.0
AN06AN,easy,13,3734.0
AN06AN,easy,13,7533.0
AN06AN,easy,15,1520.0
AN06AN,easy,15,1200.0
AN06AN,easy,15,5874.0
AN06AN,easy,15,2849.0
AN06AN,easy,15,785.0
AN06AN,easy,15,497.0
AN06AN,easy,15,689.0
AN06AN,easy,16,283.0
AN06AN,easy,16,203.0
AN06AN,easy,16,684.0
AN06AN,easy,17,607.0
AN06AN,easy,17,1907.0
AN06AN,easy,17,3609.0
AN06AN,easy,17,1133.0
AN06AN,easy,17,184.0
AN06AN,easy,17,739.0
AN06AN,easy,17,515.0
AN06AN,easy,17,250.0
AN06AN,easy,17,224.0
AN06AN,easy,18,16601.0
AN06AN,easy,18,2701.0
AN06AN,easy,19,11283.0
AN06AN,easy,19,699.0
AN06AN,hard,1,5474.0
AN06AN,hard,1,4779.0
AN06AN,hard,1,1133.0
AN06AN,hard,1,16517.0
AN06AN,hard,4,15701.0
AN06AN,hard,4,3467.0
AN06AN,hard,4,5083.0
AN06AN,hard,8,1484.0
AN06AN,hard,10,2234.0
AN06AN,hard,10,21275.0
AN06AN,hard,12,784.0
AN06AN,hard,12,334.0
AN06AN,hard,12,250.0
AN06AN,hard,12,5634.0
AN06AN,hard,12,24618.0
AN06AN,hard,12,800.0
AN06AN,hard,13,7167.0
AN06AN,hard,13,3565.0
AN06AN,hard,13,4550.0
AN06AN,hard,13,1017.0
AN06AN,hard,13,984.0
AN06AN,hard,15,14317.0
AN06AN,hard,15,9750.0
AN06AN,hard,15,1150.0
AN06AN,hard,18,8150.0
AN06AN,hard,19,16103.0
AN06AN,hard,19,983.0
AN06AN,hard,19,617.0
AN06AN,hard,19,13734.0
AN06AN,hard,19,917.0
AN06AN,hard,19,12582.0
AN06AN,normal,2,1250.0
AN06AN,normal,2,3200.0
AN06AN,normal,2,3883.0
AN06AN,normal,2,8450.0
AN06AN,normal,2,4367.0
AN06AN,normal,2,31268.0
AN06AN,normal,7,1383.0
AN06AN,normal,7,4067.0
AN06AN,normal,7,117.0
AN06AN,normal,7,950.0
AN06AN,normal,8,26628.0
AN06AN,normal,8,5817.0
AN06AN,normal,8,1316.0
AN06AN,normal,9,12334.0
AN06AN,normal,9,3401.0
AN06AN,normal,9,3884.0
AN06AN,normal,10,884.0
AN06AN,normal,13,278.0
AN06AN,normal,13,3740.0
AN06AN,normal,13,880.0
AN06AN,normal,14,984.0
AN06AN,normal,14,6084.0
AN06AN,normal,14,969.0
AN06AN,normal,15,7950.0
AN06AN,normal,15,22184.0
AN06AN,normal,15,13217.0
AN06AN,normal,15,700.0
AN06AN,normal,16,400.0
AN06AN,normal,16,17034.0
AN06AN,normal,16,217.0
AN06AN,normal,16,6950.0
AN06AN,normal,16,1566.0
AN06AN,normal,16,867.0
AN06AN,normal,16,384.0
AN06AN,normal,16,383.0
AN06AN,normal,17,64.0
AN06AN,normal,17,26925.0
AN06AN,normal,18,4093.0
AN06AN,normal,19,4433.0
AN06AN,normal,19,933.0
AN06AN,normal,19,2117.0
AN06AN,normal,19,499.0
AN06AN,normal,19,116.0
AN06AN,normal,19,2233.0
AN06AN,normal,19,9733.0
BE09KE,easy,0,6977.0
BE09KE,easy,0,7729.0
BE09KE,easy,1,1492.0
BE09KE,easy,1,305.0
BE09KE,easy,2,5250.0
BE09KE,easy,2,1350.0
BE09KE,easy,2,183.0
BE09KE,easy,2,6101.0
BE09KE,easy,3,2320.0
BE09KE,easy,3,7206.0
BE09KE,easy,3,19168.0
BE09KE,easy,3,66.0
BE09KE,easy,3,2734.0
BE09KE,easy,3,10919.0
BE09KE,easy,3,3550.0
BE09KE,easy,3,6516.0
BE09KE,easy,3,1867.0
BE09KE,easy,3,1050.0
BE09KE,easy,3,6401.0
BE09KE,easy,3,2150.0
BE09KE,easy,4,2912.0
BE09KE,easy,4,6258.0
BE09KE,easy,4,10528.0
BE09KE,easy,4,6960.0
BE09KE,easy,4,12162.0
BE09KE,easy,4,5808.0
BE09KE,easy,6,6519.0
BE09KE,easy,6,717.0
BE09KE,easy,6,4816.0
BE09KE,easy,6,166.0
BE09KE,easy,6,17.0
BE09KE,easy,6,1100.0
BE09KE,easy,7,6150.0
BE09KE,easy,7,5435.0
BE09KE,easy,7,2483.0
BE09KE,easy,8,9330.0
BE09KE,easy,8,1561.0
BE09KE,easy,8,7600.0
BE09KE,easy,8,1050.0
BE09KE,easy,10,9488.0
BE09KE,easy,10,6031.0
BE09KE,easy,10,9814.0
BE09KE,easy,10,6117.0
BE09KE,easy,10,1814.0
BE09KE,easy,10,1505.0
BE09KE,easy,10,4160.0
BE09KE,easy,11,13769.0
BE09KE,easy,11,11630.0
BE09KE,easy,11,2850.0
BE09KE,easy,11,1934.0
BE09KE,easy,12,11583.0
BE09KE,easy,12,8534.0
BE09KE,easy,13,32.0
BE09KE,easy,13,16156.0
BE09KE,easy,13,4000.0
BE09KE,easy,14,11644.0
BE09KE,easy,14,2550.0
BE09KE,easy,15,9268.0
BE09KE,easy,15,14421.0
BE09KE,easy,15,15072.0
BE09KE,easy,15,5067.0
BE09KE,easy,15,1574.0
BE09KE,easy,15,256.0
BE09KE,easy,15,48.0
BE09KE,easy,15,80.0
BE09KE,easy,15,320.0
BE09KE,easy,16,10851.0
BE09KE,easy,16,117.0
BE09KE,easy,16,66.0
BE09KE,easy,16,17.0
BE09KE,easy,16,16.0
BE09KE,easy,16,167.0
BE09KE,easy,16,64.0
BE09KE,easy,16,417.0
BE09KE,easy,16,750.0
BE09KE,easy,16,683.0
BE09KE,easy,16,500.0
BE09KE,easy,18,1800.0
BE09KE,easy,18,2017.0
BE09KE,easy,19,1100.0
BE09KE,easy,19,17.0
BE09KE,easy,19,5667.0
BE09KE,easy,19,3866.0
BE09KE,hard,0,5567.0
BE09KE,hard,0,116.0
BE09KE,hard,0,4567.0
BE09KE,hard,0,2350.0
BE09KE,hard,2,32651.0
BE09KE,hard,2,17821.0
BE09KE,hard,4,117.0
BE09KE,hard,4,4817.0
BE09KE,hard,4,11733.0
BE09KE,hard,4,4000.0
BE09KE,hard,6,1167.0
BE09KE,hard,6,83.0
BE09KE,hard,6,3683.0
BE09KE,hard,7,11823.0
BE09KE,hard,7,1248.0
BE09KE,hard,7,83.0
BE09KE,hard,7,6501.0
BE09KE,hard,7,4848.0
BE09KE,hard,8,1859.0
BE09KE,hard,9,705.0
BE09KE,hard,9,3265.0
BE09KE,hard,9,1937.0
BE09KE,hard,9,2450.0
BE09KE,hard,9,200.0
BE09KE,hard,9,6589.0
BE09KE,hard,9,3155.0
BE09KE,hard,9,3072.0
BE09KE,hard,9,842.0
BE09KE,hard,9,915.0
BE09KE,hard,9,4432.0
BE09KE,hard,9,16395.0
BE09KE,hard,9,4217.0
BE09KE,hard,9,1400.0
BE09KE,hard,9,7667.0
BE09KE,hard,9,783.0
BE09KE,hard,9,3300.0
BE09KE,hard,9,3034.0
BE09KE,hard,10,6786.0
BE09KE,hard,10,1400.0
BE09KE,hard,10,13578.0
BE09KE,hard,11,19585.0
BE09KE,hard,12,19167.0
BE09KE,hard,12,5084.0
BE09KE,hard,12,6300.0
BE09KE,hard,13,1166.0
BE09KE,hard,13,9551.0
BE09KE,hard,13,193.0
BE09KE,hard,13,14184.0
BE09KE,hard,13,300.0
BE09KE,hard,14,1360.0
BE09KE,hard,14,9140.0
BE09KE,hard,14,2304.0
BE09KE,hard,14,11299.0
BE09KE,hard,14,3248.0
BE09KE,hard,14,2688.0
BE09KE,hard,14,8900.0
BE09KE,hard,14,1136.0
BE09KE,hard,14,3425.0
BE09KE,hard,14,15703.0
BE09KE,hard,14,736.0
BE09KE,hard,14,368.0
BE09KE,hard,14,913.0
BE09KE,hard,14,4929.0
BE09KE,hard,18,17584.0
BE09KE,hard,18,1551.0
BE09KE,hard,18,3800.0
BE09KE,hard,18,13084.0
BE09KE,hard,19,13617.0
BE09KE,hard,19,27785.0
BE09KE,hard,19,16.0
BE09KE,hard,19,17.0
BE09KE,hard,19,867.0
BE09KE,normal,0,4049.0
BE09KE,normal,0,1728.0
BE09KE,normal,1,4266.0
BE09KE,normal,1,3101.0
BE09KE,normal,1,8767.0
BE09KE,normal,1,17.0
BE09KE,normal,1,14184.0
BE09KE,normal,2,3249.0
BE09KE,normal,2,6832.0
BE09KE,normal,3,16722.0
BE09KE,normal,3,4929.0
BE09KE,normal,3,5123.0
BE09KE,normal,3,3168.0
BE09KE,normal,3,4822.0
BE09KE,normal,3,832.0
BE09KE,normal,3,12516.0
BE09KE,normal,5,10409.0
BE09KE,normal,5,9041.0
BE09KE,normal,5,2768.0
BE09KE,normal,5,96.0
BE09KE,normal,7,2930.0
BE09KE,normal,7,9953.0
BE09KE,normal,7,12700.0
BE09KE,normal,8,9312.0
BE09KE,normal,9,5467.0
BE09KE,normal,9,2183.0
BE09KE,normal,9,3461.0
BE09KE,normal,10,4711.0
BE09KE,normal,10,2536.0
BE09KE,normal,11,4337.0
BE09KE,normal,11,624.0
BE09KE,normal,12,2950.0
BE09KE,normal,12,2334.0
BE09KE,normal,14,1044.0
BE09KE,normal,14,1858.0
BE09KE,normal,14,33.0
BE09KE,normal,14,274.0
BE09KE,normal,14,2534.0
BE09KE,normal,14,7100.0
BE09KE,normal,14,500.0
BE09KE,normal,14,7866.0
BE09KE,normal,14,5315.0
BE09KE,normal,14,16.0
BE09KE,normal,14,10118.0
BE09KE,normal,14,15267.0
BE09KE,normal,14,2960.0
BE09KE,normal,14,9600.0
BE09KE,normal,15,10384.0
BE09KE,normal,15,12201.0
BE09KE,normal,15,514.0
BE09KE,normal,15,5517.0
BE09KE,normal,16,5394.0
BE09KE,normal,17,17.0
BE09KE,normal,17,3000.0
BE09KE,normal,18,16502.0
ED06RA,easy,0,9635.0
ED06RA,easy,1,3584.0
ED06RA,easy,1,3500.0
ED06RA,easy,1,550.0
ED06RA,easy,2,7400.0
ED06RA,easy,2,1050.0
ED06RA,easy,2,2651.0
ED06RA,easy,2,833.0
ED06RA,easy,2,750.0
ED06RA,easy,5,1808.0
ED06RA,easy,5,1808.0
ED06RA,easy,5,6417.0
ED06RA,easy,5,1264.0
ED06RA,easy,5,560.0
ED06RA,easy,5,144.0
ED06RA,easy,5,608.0
ED06RA,easy,5,943.0
ED06RA,easy,5,3007.0
ED06RA,easy,6,23067.0
ED06RA,easy,6,8450.0
ED06RA,easy,6,1083.0
ED06RA,easy,6,750.0
ED06RA,easy,6,700.0
ED06RA,easy,6,1799.0
ED06RA,easy,6,2300.0
ED06RA,easy,10,767.0
ED06RA,easy,10,567.0
ED06RA,easy,10,1250.0
ED06RA,easy,10,3550.0
ED06RA,easy,10,1084.0
ED06RA,easy,10,850.0
ED06RA,easy,10,1600.0
ED06RA,easy,10,317.0
ED06RA,easy,10,4934.0
ED06RA,easy,10,1434.0
ED06RA,easy,10,2117.0
ED06RA,easy,10,583.0
ED06RA,easy,12,2100.0
ED06RA,easy,12,667.0
ED06RA,easy,12,1084.0
ED06RA,easy,12,1084.0
ED06RA,easy,13,22344.0
ED06RA,easy,13,2326.0
ED06RA,easy,13,1165.0
ED06RA,easy,13,2112.0
ED06RA,easy,13,1327.0
ED06RA,easy,13,1237.0
ED06RA,easy,13,3516.0
ED06RA,easy,14,5892.0
ED06RA,easy,14,5304.0
ED06RA,easy,14,8985.0
ED06RA,easy,15,10450.0
ED06RA,easy,15,3817.0
ED06RA,easy,15,950.0
ED06RA,easy,15,17600.0
ED06RA,easy,15,8851.0
ED06RA,easy,15,450.0
ED06RA,easy,15,2734.0
ED06RA,easy,15,2358.0
ED06RA,easy,15,1749.0
ED06RA,easy,17,17294.0
ED06RA,easy,18,2150.0
ED06RA,easy,18,14700.0
ED06RA,easy,19,17363.0
ED06RA,easy,19,12250.0
ED06RA,hard,0,5916.0
ED06RA,hard,0,950.0
ED06RA,hard,0,2517.0
ED06RA,hard,0,1399.0
ED06RA,hard,0,1233.0
ED06RA,hard,3,3633.0
ED06RA,hard,3,7967.0
ED06RA,hard,3,917.0
ED06RA,hard,5,1776.0
ED06RA,hard,5,1137.0
ED06RA,hard,5,1040.0
ED06RA,hard,5,33730.0
ED06RA,hard,5,7501.0
ED06RA,hard,5,2467.0
ED06RA,hard,7,3768.0
ED06RA,hard,7,3704.0
ED06RA,hard,7,1118.0
ED06RA,hard,9,1998.0
ED06RA,hard,10,3842.0
ED06RA,hard,10,2185.0
ED06RA,hard,10,736.0
ED06RA,hard,10,1872.0
ED06RA,hard,10,2064.0
ED06RA,hard,10,1072.0
ED06RA,hard,10,464.0
ED06RA,hard,10,2918.0
ED06RA,hard,10,816.0
ED06RA,hard,11,2367.0
ED06RA,hard,11,1333.0
ED06RA,hard,12,2135.0
ED06RA,hard,15,2532.0
ED06RA,hard,15,2435.0
ED06RA,hard,15,3301.0
ED06RA,hard,15,5028.0
ED06RA,hard,15,4282.0
ED06RA,hard,15,8516.0
ED06RA,hard,15,982.0
ED06RA,hard,15,9951.0
ED06RA,hard,15,533.0
ED06RA,hard,15,3017.0
ED06RA,hard,15,5500.0
ED06RA,hard,17,2225.0
ED06RA,hard,17,10761.0
ED06RA,hard,17,200.0
ED06RA,hard,17,134.0
ED06RA,hard,17,66.0
ED06RA,hard,17,2883.0
ED06RA,hard,17,1700.0
ED06RA,hard,17,1516.0
ED06RA,hard,17,1150.0
ED06RA,hard,17,914.0
ED06RA,hard,17,800.0
ED06RA,hard,17,1450.0
ED06RA,hard,17,1317.0
ED06RA,hard,17,950.0
ED06RA,hard,17,2050.0
ED06RA,hard,17,1533.0
ED06RA,hard,19,4417.0
ED06RA,hard,19,1267.0
ED06RA,hard,19,1467.0
ED06RA,normal,0,66557.0
ED06RA,normal,0,983.0
ED06RA,normal,0,1661.0
ED06RA,normal,1,4750.0
ED06RA,normal,1,5717.0
ED06RA,normal,1,7000.0
ED06RA,normal,1,6817.0
ED06RA,normal,1,1933.0
ED06RA,normal,1,1100.0
ED06RA,normal,1,3234.0
ED06RA,normal,2,2343.0
ED06RA,normal,2,4277.0
ED06RA,normal,2,2240.0
ED06RA,normal,2,14179.0
ED06RA,normal,2,17792.0
ED06RA,normal,6,1761.0
ED06RA,normal,6,6400.0
ED06RA,normal,6,5268.0
ED06RA,normal,6,11168.0
ED06RA,normal,6,2096.0
ED06RA,normal,6,10118.0
ED06RA,normal,6,2082.0
ED06RA,normal,7,10437.0
ED06RA,normal,7,8817.0
ED06RA,normal,7,18017.0
ED06RA,normal,8,4944.0
ED06RA,normal,8,2048.0
ED06RA,normal,8,26453.0
ED06RA,normal,9,11525.0
ED06RA,normal,9,2907.0
ED06RA,normal,9,754.0
ED06RA,normal,9,1574.0
ED06RA,normal,10,2194.0
ED06RA,normal,10,1408.0
ED06RA,normal,10,19383.0
ED06RA,normal,10,816.0
ED06RA,normal,10,2384.0
ED06RA,normal,10,1409.0
ED06RA,normal,10,2808.0
ED06RA,normal,10,1442.0
ED06RA,normal,10,2241.0
ED06RA,normal,11,576.0
ED06RA,normal,11,1760.0
ED06RA,normal,11,5779.0
ED06RA,normal,12,28135.0
ED06RA,normal,12,4732.0
ED06RA,normal,13,9009.0
ED06RA,normal,13,20325.0
ED06RA,normal,13,11044.0
ED06RA,normal,14,1987.0
ED06RA,normal,19,2933.0
ED06RA,normal,19,12600.0
ED06RA,normal,19,13450.0
ED06RA,normal,19,2583.0
ED06RA,normal,19,1317.0
ED06RA,normal,19,2667.0
ED06RA,normal,19,2700.0
ED06RA,normal,19,3267.0
GE01IN,easy,0,11217.0
GE01IN,easy,4,9007.0
GE01IN,easy,4,2200.0
GE01IN,easy,4,3983.0
GE01IN,easy,4,4483.0
GE01IN,easy,4,1133.0
GE01IN,easy,4,4150.0
GE01IN,easy,6,18634.0
GE01IN,easy,7,2833.0
GE01IN,easy,7,9500.0
GE01IN,easy,7,7483.0
GE01IN,easy,7,4000.0
GE01IN,easy,8,6717.0
GE01IN,easy,8,1616.0
GE01IN,easy,8,416.0
GE01IN,easy,9,1500.0
GE01IN,easy,9,6136.0
GE01IN,easy,10,8000.0
GE01IN,easy,10,4867.0
GE01IN,easy,10,5188.0
GE01IN,easy,10,683.0
GE01IN,easy,10,5997.0
GE01IN,easy,12,4900.0
GE01IN,easy,12,4834.0
GE01IN,easy,12,10967.0
GE01IN,easy,12,6333.0
GE01IN,easy,12,4017.0
GE01IN,easy,14,12805.0
GE01IN,easy,14,1584.0
GE01IN,easy,16,6082.0
GE01IN,easy,16,2733.0
GE01IN,easy,16,4167.0
GE01IN,easy,16,1783.0
GE01IN,easy,16,3100.0
GE01IN,easy,16,3917.0
GE01IN,easy,19,5341.0
GE01IN,hard,2,8967.0
GE01IN,hard,2,3334.0
GE01IN,hard,2,11943.0
GE01IN,hard,2,528.0
GE01IN,hard,2,1249.0
GE01IN,hard,2,3159.0
GE01IN,hard,2,5392.0
GE01IN,hard,2,1824.0
GE01IN,hard,2,496.0
GE01IN,hard,2,2720.0
GE01IN,hard,2,528.0
GE01IN,hard,5,21801.0
GE01IN,hard,5,3867.0
GE01IN,hard,6,16724.0
GE01IN,hard,6,734.0
GE01IN,hard,6,600.0
GE01IN,hard,6,5050.0
GE01IN,hard,6,567.0
GE01IN,hard,7,11083.0
GE01IN,hard,7,10434.0
GE01IN,hard,8,21801.0
GE01IN,hard,8,3217.0
GE01IN,hard,8,9851.0
GE01IN,hard,12,650.0
GE01IN,hard,12,817.0
GE01IN,hard,12,1517.0
GE01IN,hard,12,5016.0
GE01IN,hard,14,7857.0
GE01IN,normal,0,567.0
GE01IN,normal,0,1967.0
GE01IN,normal,2,8177.0
GE01IN,normal,2,2717.0
GE01IN,normal,2,1684.0
GE01IN,normal,2,6791.0
GE01IN,normal,2,3074.0
GE01IN,normal,3,3184.0
GE01IN,normal,4,11541.0
GE01IN,normal,5,11076.0
GE01IN,normal,5,9033.0
GE01IN,normal,7,12818.0
GE01IN,normal,8,10600.0
GE01IN,normal,8,10567.0
GE01IN,normal,9,13450.0
GE01IN,normal,9,1917.0
GE01IN,normal,10,20881.0
GE01IN,normal,10,2100.0
GE01IN,normal,10,2284.0
GE01IN,normal,12,9109.0
GE01IN,normal,12,15867.0
GE01IN,normal,12,6036.0
GE01IN,normal,12,7934.0
GE01IN,normal,12,5016.0
GE01IN,normal,13,9088.0
GE01IN,normal,13,8854.0
GE01IN,normal,13,8180.0
GE01IN,normal,13,7360.0
GE01IN,normal,13,3616.0
GE01IN,normal,13,7718.0
GE01IN,normal,13,3344.0
GE01IN,normal,13,6328.0
GE01IN,normal,14,633.0
GE01IN,normal,14,12217.0
GE01IN,normal,14,4100.0
GE01IN,normal,14,1616.0
GE01IN,normal,14,4901.0
GE01IN,normal,14,5450.0
GE01IN,normal,14,3300.0
GE01IN,normal,15,10751.0
GE01IN,normal,15,750.0
GE01IN,normal,15,1450.0
GE01IN,normal,15,5267.0
GE01IN,normal,17,9584.0
GE01IN,normal,17,6481.0
GE01IN,normal,17,5956.0
GE01IN,normal,17,8211.0
GE01IN,normal,17,2192.0
GE01IN,normal,17,7346.0
GE01IN,normal,17,6383.0
GE01IN,normal,17,4112.0
GE01IN,normal,17,8752.0
GE01IN,normal,17,4435.0
JA06LU,easy,0,6473.0
JA06LU,easy,0,3667.0
JA06LU,easy,0,7212.0
JA06LU,easy,0,8476.0
JA06LU,easy,1,23163.0
JA06LU,easy,1,6041.0
JA06LU,easy,1,5516.0
JA06LU,easy,1,2276.0
JA06LU,easy,2,6667.0
JA06LU,easy,2,8833.0
JA06LU,easy,2,4867.0
JA06LU,easy,2,4050.0
JA06LU,easy,4,16835.0
JA06LU,easy,4,1917.0
JA06LU,easy,4,483.0
JA06LU,easy,4,23434.0
JA06LU,easy,4,1250.0
JA06LU,easy,7,1900.0
JA06LU,easy,7,4350.0
JA06LU,easy,8,9600.0
JA06LU,easy,8,15718.0
JA06LU,easy,8,7000.0
JA06LU,easy,8,6984.0
JA06LU,easy,8,12050.0
JA06LU,easy,8,2633.0
JA06LU,easy,9,6050.0
JA06LU,easy,9,2624.0
JA06LU,easy,9,5224.0
JA06LU,easy,9,4112.0
JA06LU,easy,9,1063.0
JA06LU,easy,9,657.0
JA06LU,easy,10,1550.0
JA06LU,easy,10,1190.0
JA06LU,easy,10,914.0
JA06LU,easy,13,3853.0
JA06LU,easy,15,10083.0
JA06LU,easy,16,1450.0
JA06LU,easy,16,1200.0
JA06LU,easy,16,1716.0
JA06LU,easy,16,1850.0
JA06LU,easy,16,3134.0
JA06LU,easy,16,1884.0
JA06LU,easy,16,2334.0
JA06LU,easy,17,4928.0
JA06LU,easy,17,6737.0
JA06LU,easy,17,4463.0
JA06LU,easy,17,2496.0
JA06LU,easy,17,3072.0
JA06LU,easy,17,2081.0
JA06LU,easy,17,560.0
JA06LU,easy,18,1615.0
JA06LU,easy,18,3008.0
JA06LU,easy,18,5520.0
JA06LU,easy,18,3760.0
JA06LU,easy,18,10145.0
JA06LU,easy,18,1248.0
JA06LU,easy,18,2944.0
JA06LU,easy,18,4288.0
JA06LU,easy,18,6656.0
JA06LU,easy,18,11616.0
JA06LU,easy,19,5951.0
JA06LU,easy,19,1417.0
JA06LU,easy,19,3624.0
JA06LU,easy,19,12897.0
JA06LU,easy,19,4517.0
JA06LU,easy,19,2917.0
JA06LU,hard,1,14333.0
JA06LU,hard,1,2607.0
JA06LU,hard,1,11450.0
JA06LU,hard,1,2983.0
JA06LU,hard,1,13801.0
JA06LU,hard,1,6433.0
JA06LU,hard,3,7734.0
JA06LU,hard,4,416.0
JA06LU,hard,4,14245.0
JA06LU,hard,4,9027.0
JA06LU,hard,4,1506.0
JA06LU,hard,4,1440.0
JA06LU,hard,4,7376.0
JA06LU,hard,4,3136.0
JA06LU,hard,4,2400.0
JA06LU,hard,4,2722.0
JA06LU,hard,4,2576.0
JA06LU,hard,4,6340.0
JA06LU,hard,4,3116.0
JA06LU,hard,6,16698.0
JA06LU,hard,6,1232.0
JA06LU,hard,6,2096.0
JA06LU,hard,6,13409.0
JA06LU,hard,6,18408.0
JA06LU,hard,7,7248.0
JA06LU,hard,7,3512.0
JA06LU,hard,7,6047.0
JA06LU,hard,7,1650.0
JA06LU,hard,7,1983.0
JA06LU,hard,7,5858.0
JA06LU,hard,7,1214.0
JA06LU,hard,7,1717.0
JA06LU,hard,8,1677.0
JA06LU,hard,8,11221.0
JA06LU,hard,8,9571.0
JA06LU,hard,8,5253.0
JA06LU,hard,8,8001.0
JA06LU,hard,9,7454.0
JA06LU,hard,9,3949.0
JA06LU,hard,9,4850.0
JA06LU,hard,9,13268.0
JA06LU,hard,9,4150.0
JA06LU,hard,9,3417.0
JA06LU,hard,9,3700.0
JA06LU,hard,9,2050.0
JA06LU,hard,10,5267.0
JA06LU,hard,10,7879.0
JA06LU,hard,10,6934.0
JA06LU,hard,10,1744.0
JA06LU,hard,10,1392.0
JA06LU,hard,10,784.0
JA06LU,hard,11,8534.0
JA06LU,hard,11,3717.0
JA06LU,hard,13,11665.0
JA06LU,hard,13,1033.0
JA06LU,hard,13,4967.0
JA06LU,hard,14,10773.0
JA06LU,hard,14,5856.0
JA06LU,hard,14,11424.0
JA06LU,hard,14,8467.0
JA06LU,hard,14,4752.0
JA06LU,hard,14,3170.0
JA06LU,hard,17,6418.0
JA06LU,hard,17,5248.0
JA06LU,hard,17,6488.0
JA06LU,hard,17,5292.0
JA06LU,hard,17,7201.0
JA06LU,hard,17,4945.0
JA06LU,hard,17,3763.0
JA06LU,hard,17,3923.0
JA06LU,hard,17,3522.0
JA06LU,hard,17,366.0
JA06LU,hard,17,5239.0
JA06LU,hard,17,1434.0
JA06LU,hard,17,1501.0
JA06LU,hard,19,11834.0
JA06LU,hard,19,11333.0
JA06LU,hard,19,1233.0
JA06LU,hard,19,10334.0
JA06LU,hard,19,6176.0
JA06LU,hard,19,3478.0
JA06LU,hard,19,6821.0
JA06LU,hard,19,995.0
JA06LU,normal,2,8150.0
JA06LU,normal,2,1767.0
JA06LU,normal,2,4367.0
JA06LU,normal,2,8001.0
JA06LU,normal,3,11447.0
JA06LU,normal,3,8612.0
JA06LU,normal,3,3884.0
JA06LU,normal,3,1800.0
JA06LU,normal,3,3466.0
JA06LU,normal,3,2386.0
JA06LU,normal,4,14129.0
JA06LU,normal,4,17974.0
JA06LU,normal,7,9501.0
JA06LU,normal,7,6400.0
JA06LU,normal,9,11503.0
JA06LU,normal,9,2026.0
JA06LU,normal,9,3479.0
JA06LU,normal,9,1400.0
JA06LU,normal,9,1750.0
JA06LU,normal,9,4833.0
JA06LU,normal,9,2600.0
JA06LU,normal,10,10324.0
JA06LU,normal,10,1841.0
JA06LU,normal,10,7460.0
JA06LU,normal,10,17698.0
JA06LU,normal,10,10817.0
JA06LU,normal,10,1400.0
JA06LU,normal,11,8192.0
JA06LU,normal,14,10735.0
JA06LU,normal,14,3897.0
JA06LU,normal,14,7650.0
JA06LU,normal,14,2700.0
JA06LU,normal,15,6080.0
JA06LU,normal,15,5154.0
JA06LU,normal,15,5987.0
JA06LU,normal,15,2880.0
JA06LU,normal,15,16136.0
JA06LU,normal,16,3254.0
JA06LU,normal,16,4467.0
JA06LU,normal,16,14350.0
JA06LU,normal,16,1451.0
JA06LU,normal,16,3050.0
JA06LU,normal,17,2700.0
JA06LU,normal,17,1100.0
JA06LU,normal,17,2917.0
JA06LU,normal,17,1233.0
JO03SA,easy,4,21101.0
JO03SA,easy,4,3266.0
JO03SA,easy,5,18322.0
JO03SA,easy,5,13904.0
JO03SA,easy,7,133.0
JO03SA,easy,7,2917.0
JO03SA,easy,7,1200.0
JO03SA,easy,7,1334.0
JO03SA,easy,8,18750.0
JO03SA,easy,8,767.0
JO03SA,easy,8,1366.0
JO03SA,easy,8,7584.0
JO03SA,easy,10,650.0
JO03SA,easy,10,2983.0
JO03SA,easy,10,866.0
JO03SA,easy,10,1632.0
JO03SA,easy,11,1750.0
JO03SA,easy,13,1567.0
JO03SA,easy,15,4183.0
JO03SA,easy,15,5800.0
JO03SA,easy,15,5016.0
JO03SA,easy,15,184.0
JO03SA,easy,15,1067.0
JO03SA,easy,18,2265.0
JO03SA,easy,18,1875.0
JO03SA,easy,18,736.0
JO03SA,easy,18,851.0
JO03SA,hard,0,2246.0
JO03SA,hard,0,7678.0
JO03SA,hard,0,3100.0
JO03SA,hard,0,850.0
JO03SA,hard,0,1567.0
JO03SA,hard,0,484.0
JO03SA,hard,0,2833.0
JO03SA,hard,0,4567.0
JO03SA,hard,0,8650.0
JO03SA,hard,1,334.0
JO03SA,hard,1,1616.0
JO03SA,hard,1,3234.0
JO03SA,hard,3,18667.0
JO03SA,hard,3,184.0
JO03SA,hard,3,1900.0
JO03SA,hard,3,10684.0
JO03SA,hard,3,266.0
JO03SA,hard,3,2350.0
JO03SA,hard,4,5239.0
JO03SA,hard,4,5776.0
JO03SA,hard,5,176.0
JO03SA,hard,5,2288.0
JO03SA,hard,6,1000.0
JO03SA,hard,6,4784.0
JO03SA,hard,6,2800.0
JO03SA,hard,6,2166.0
JO03SA,hard,6,1834.0
JO03SA,hard,6,4050.0
JO03SA,hard,6,350.0
JO03SA,hard,9,7317.0
JO03SA,hard,9,5400.0
JO03SA,hard,9,117.0
JO03SA,hard,9,14201.0
JO03SA,hard,9,2033.0
JO03SA,hard,9,2217.0
JO03SA,hard,9,450.0
JO03SA,hard,9,1034.0
JO03SA,hard,10,11104.0
JO03SA,hard,10,6768.0
JO03SA,hard,10,12576.0
JO03SA,hard,10,5123.0
JO03SA,hard,12,32637.0
JO03SA,hard,12,3511.0
JO03SA,hard,12,31229.0
JO03SA,hard,12,17.0
JO03SA,hard,13,7549.0
JO03SA,hard,13,500.0
JO03SA,hard,13,3017.0
JO03SA,hard,15,2234.0
JO03SA,hard,15,2342.0
JO03SA,hard,15,4723.0
JO03SA,hard,15,1317.0
JO03SA,hard,15,2484.0
JO03SA,hard,15,6734.0
JO03SA,hard,15,2467.0
JO03SA,hard,15,1083.0
JO03SA,hard,16,9783.0
JO03SA,hard,16,18417.0
JO03SA,hard,16,633.0
JO03SA,hard,16,1584.0
JO03SA,hard,16,4534.0
JO03SA,hard,16,2215.0
JO03SA,hard,16,2389.0
JO03SA,hard,16,3005.0
JO03SA,hard,16,2400.0
JO03SA,hard,17,5168.0
JO03SA,hard,17,11523.0
JO03SA,hard,19,2784.0
JO03SA,normal,0,6337.0
JO03SA,normal,0,1712.0
JO03SA,normal,0,496.0
JO03SA,normal,0,208.0
JO03SA,normal,0,208.0
JO03SA,normal,0,5056.0
JO03SA,normal,0,976.0
JO03SA,normal,0,4406.0
JO03SA,normal,0,5744.0
JO03SA,normal,1,317.0
JO03SA,normal,2,4187.0
JO03SA,normal,3,1104.0
JO03SA,normal,3,8616.0
JO03SA,normal,3,1633.0
JO03SA,normal,3,672.0
JO03SA,normal,3,5079.0
JO03SA,normal,4,17690.0
JO03SA,normal,4,1847.0
JO03SA,normal,4,16533.0
JO03SA,normal,6,3933.0
JO03SA,normal,6,1983.0
JO03SA,normal,6,2833.0
JO03SA,normal,6,300.0
JO03SA,normal,6,1817.0
JO03SA,normal,6,2950.0
JO03SA,normal,6,3283.0
JO03SA,normal,6,1067.0
JO03SA,normal,6,416.0
JO03SA,normal,6,4231.0
JO03SA,normal,6,12680.0
JO03SA,normal,7,37218.0
JO03SA,normal,7,283.0
JO03SA,normal,7,833.0
JO03SA,normal,7,3178.0
JO03SA,normal,7,2994.0
JO03SA,normal,7,80.0
JO03SA,normal,7,705.0
JO03SA,normal,7,288.0
JO03SA,normal,7,1056.0
JO03SA,normal,7,689.0
JO03SA,normal,7,16.0
JO03SA,normal,7,5000.0
JO03SA,normal,7,3333.0
JO03SA,normal,8,7665.0
JO03SA,normal,8,1623.0
JO03SA,normal,8,2161.0
JO03SA,normal,8,5184.0
JO03SA,normal,8,2080.0
JO03SA,normal,8,240.0
JO03SA,normal,8,224.0
JO03SA,normal,8,3296.0
JO03SA,normal,8,1376.0
JO03SA,normal,8,2576.0
JO03SA,normal,9,609.0
JO03SA,normal,9,2984.0
JO03SA,normal,9,816.0
JO03SA,normal,11,3120.0
JO03SA,normal,11,2737.0
JO03SA,normal,11,966.0
JO03SA,normal,11,1633.0
JO03SA,normal,12,7934.0
JO03SA,normal,12,12700.0
JO03SA,normal,15,7397.0
JO03SA,normal,15,3051.0
JO03SA,normal,15,533.0
JO03SA,normal,15,8600.0
JO03SA,normal,15,7384.0
JO03SA,normal,15,6351.0
JO03SA,normal,15,1850.0
JO03SA,normal,18,16877.0
JO03SA,normal,19,600.0
JO03SA,normal,19,2267.0
JO03SA,normal,19,1750.0
JO03SA,normal,19,2668.0
JO03SA,normal,19,2484.0
JO03SA,normal,19,9550.0
JO03SA,normal,19,384.0
KR07HA,easy,0,4498.0
KR07HA,easy,0,4059.0
KR07HA,easy,0,2294.0
KR07HA,easy,0,818.0
KR07HA,easy,0,2039.0
KR07HA,easy,0,1832.0
KR07HA,easy,0,3719.0
KR07HA,easy,0,4047.0
KR07HA,easy,0,1029.0
KR07HA,easy,0,2877.0
KR07HA,easy,0,4399.0
KR07HA,easy,2,2897.0
KR07HA,easy,2,5037.0
KR07HA,easy,2,4712.0
KR07HA,easy,2,3484.0
KR07HA,easy,3,6036.0
KR07HA,easy,3,2616.0
KR07HA,easy,3,875.0
KR07HA,easy,3,1528.0
KR07HA,easy,3,834.0
KR07HA,easy,3,208.0
KR07HA,easy,3,417.0
KR07HA,easy,3,385.0
KR07HA,easy,3,16.0
KR07HA,easy,3,337.0
KR07HA,easy,3,16.0
KR07HA,easy,3,329.0
KR07HA,easy,3,16.0
KR07HA,easy,3,16.0
KR07HA,easy,3,16.0
KR07HA,easy,3,257.0
KR07HA,easy,3,289.0
KR07HA,easy,3,562.0
KR07HA,easy,3,16.0
KR07HA,easy,3,112.0
KR07HA,easy,3,2150.0
KR07HA,easy,3,225.0
KR07HA,easy,3,16.0
KR07HA,easy,3,80.0
KR07HA,easy,3,626.0
KR07HA,easy,3,1346.0
KR07HA,easy,3,162.0
KR07HA,easy,3,1183.0
KR07HA,easy,3,2027.0
KR07HA,easy,3,1852.0
KR07HA,easy,3,1916.0
KR07HA,easy,3,2484.0
KR07HA,easy,3,1752.0
KR07HA,easy,3,1379.0
KR07HA,easy,3,162.0
KR07HA,easy,3,915.0
KR07HA,easy,3,432.0
KR07HA,easy,3,1107.0
KR07HA,easy,3,1620.0
KR07HA,easy,3,1651.0
KR07HA,easy,3,1766.0
KR07HA,easy,4,5598.0
KR07HA,easy,4,5444.0
KR07HA,easy,4,112.0
KR07HA,easy,4,2915.0
KR07HA,easy,4,1084.0
KR07HA,easy,4,1677.0
KR07HA,easy,4,1179.0
KR07HA,easy,4,915.0
KR07HA,easy,4,770.0
KR07HA,easy,4,1998.0
KR07HA,easy,4,1557.0
KR07HA,easy,4,802.0
KR07HA,easy,4,2486.0
KR07HA,easy,5,6312.0
KR07HA,easy,6,3251.0
KR07HA,easy,7,3312.0
KR07HA,easy,7,2472.0
KR07HA,easy,7,3153.0
KR07HA,easy,7,1260.0
KR07HA,easy,7,2183.0
KR07HA,easy,7,3894.0
KR07HA,easy,7,2431.0
KR07HA,easy,8,819.0
KR07HA,easy,8,529.0
KR07HA,easy,8,320.0
KR07HA,easy,8,208.0
KR07HA,easy,8,979.0
KR07HA,easy,8,738.0
KR07HA,easy,8,1492.0
KR07HA,easy,8,3185.0
KR07HA,easy,8,3634.0
KR07HA,easy,8,1887.0
KR07HA,easy,8,1926.0
KR07HA,easy,8,1740.0
KR07HA,easy,8,3965.0
KR07HA,easy,8,3618.0
KR07HA,easy,8,2266.0
KR07HA,easy,8,1338.0
KR07HA,easy,9,4192.0
KR07HA,easy,9,1552.0
KR07HA,easy,9,2548.0
KR07HA,easy,9,5624.0
KR07HA,easy,9,4160.0
KR07HA,easy,9,1184.0
KR07HA,easy,9,2705.0
KR07HA,easy,10,5247.0
KR07HA,easy,10,2400.0
KR07HA,easy,10,4048.0
KR07HA,easy,10,4224.0
KR07HA,easy,10,1856.0
KR07HA,easy,10,1936.0
KR07HA,easy,10,432.0
KR07HA,easy,10,1664.0
KR07HA,easy,10,2850.0
KR07HA,easy,10,1920.0
KR07HA,easy,10,416.0
KR07HA,easy,10,2641.0
KR07HA,easy,10,1014.0
KR07HA,easy,10,5712.0
KR07HA,easy,10,899.0
KR07HA,easy,10,658.0
KR07HA,easy,10,2118.0
KR07HA,easy,10,1459.0
KR07HA,easy,10,1187.0
KR07HA,easy,10,643.0
KR07HA,easy,10,737.0
KR07HA,easy,10,563.0
KR07HA,easy,10,658.0
KR07HA,easy,10,663.0
KR07HA,easy,10,949.0
KR07HA,easy,10,818.0
KR07HA,easy,10,898.0
KR07HA,easy,10,1989.0
KR07HA,easy,10,2325.0
KR07HA,easy,11,3347.0
KR07HA,easy,11,2967.0
KR07HA,easy,11,2703.0
KR07HA,easy,12,3790.0
KR07HA,easy,12,593.0
KR07HA,easy,12,3287.0
KR07HA,easy,12,5046.0
KR07HA,easy,13,976.0
KR07HA,easy,13,2784.0
KR07HA,easy,13,3938.0
KR07HA,easy,13,2535.0
KR07HA,easy,13,2028.0
KR07HA,easy,13,1189.0
KR07HA,easy,13,1128.0
KR07HA,easy,13,1177.0
KR07HA,easy,13,2788.0
KR07HA,easy,13,226.0
KR07HA,easy,13,192.0
KR07HA,easy,13,978.0
KR07HA,easy,13,705.0
KR07HA,easy,13,500.0
KR07HA,easy,13,804.0
KR07HA,easy,13,1843.0
KR07HA,easy,13,1721.0
KR07HA,easy,13,1523.0
KR07HA,easy,14,3978.0
KR07HA,easy,14,1024.0
KR07HA,easy,14,3053.0
KR07HA,easy,14,3486.0
KR07HA,easy,14,3614.0
KR07HA,easy,14,2458.0
KR07HA,easy,14,1721.0
KR07HA,easy,14,4593.0
KR07HA,easy,14,1398.0
KR07HA,easy,14,1667.0
KR07HA,easy,14,4232.0
KR07HA,easy,14,2038.0
KR07HA,easy,14,4488.0
KR07HA,easy,15,1381.0
KR07HA,easy,15,3043.0
KR07HA,easy,15,3226.0
KR07HA,easy,15,2682.0
KR07HA,easy,15,2580.0
KR07HA,easy,15,3184.0
KR07HA,easy,15,2675.0
KR07HA,easy,15,2816.0
KR07HA,easy,15,4420.0
KR07HA,easy,15,2258.0
KR07HA,easy,15,64.0
KR07HA,easy,15,64.0
KR07HA,easy,15,432.0
KR07HA,easy,15,1600.0
KR07HA,easy,15,1441.0
KR07HA,easy,15,3638.0
KR07HA,easy,15,1797.0
KR07HA,easy,15,1073.0
KR07HA,easy,15,2313.0
KR07HA,easy,15,3377.0
KR07HA,easy,15,3075.0
KR07HA,easy,15,1024.0
KR07HA,easy,15,560.0
KR07HA,easy,15,2944.0
KR07HA,easy,15,3715.0
KR07HA,easy,15,3696.0
KR07HA,easy,15,1090.0
KR07HA,easy,15,1731.0
KR07HA,easy,15,2213.0
KR07HA,easy,16,5218.0
KR07HA,easy,16,4421.0
KR07HA,easy,16,2540.0
KR07HA,easy,16,3311.0
KR07HA,easy,16,3040.0
KR07HA,easy,16,2424.0
KR07HA,easy,16,2342.0
KR07HA,easy,16,2566.0
KR07HA,easy,16,1027.0
KR07HA,easy,16,3530.0
KR07HA,easy,16,2070.0
KR07HA,easy,16,3248.0
KR07HA,easy,16,3355.0
KR07HA,easy,17,2562.0
KR07HA,easy,17,2679.0
KR07HA,easy,17,145.0
KR07HA,easy,17,1670.0
KR07HA,easy,17,4778.0
KR07HA,easy,17,3482.0
KR07HA,easy,17,306.0
KR07HA,easy,17,626.0
KR07HA,easy,17,834.0
KR07HA,easy,17,1494.0
KR07HA,easy,17,1057.0
KR07HA,easy,17,1125.0
KR07HA,easy,17,385.0
KR07HA,easy,17,707.0
KR07HA,easy,17,2181.0
KR07HA,easy,17,865.0
KR07HA,easy,17,1924.0
KR07HA,easy,17,852.0
KR07HA,easy,18,3412.0
KR07HA,easy,18,4405.0
KR07HA,easy,18,2844.0
KR07HA,easy,18,3816.0
KR07HA,easy,19,3946.0
KR07HA,easy,19,1261.0
KR07HA,easy,19,4662.0
KR07HA,easy,19,2151.0
KR07HA,easy,19,1973.0
KR07HA,easy,19,2400.0
KR07HA,easy,19,2104.0
KR07HA,easy,19,2062.0
KR07HA,easy,19,2882.0
KR07HA,easy,19,2349.0
KR07HA,easy,19,498.0
KR07HA,easy,19,2407.0
KR07HA,easy,19,2345.0
KR07HA,easy,19,1772.0
KR07HA,easy,19,1814.0
KR07HA,easy,19,3788.0
KR07HA,hard,0,3659.0
KR07HA,hard,0,5584.0
KR07HA,hard,0,1766.0
KR07HA,hard,0,3723.0
KR07HA,hard,0,2275.0
KR07HA,hard,0,1264.0
KR07HA,hard,0,3001.0
KR07HA,hard,0,1655.0
KR07HA,hard,0,2168.0
KR07HA,hard,0,2004.0
KR07HA,hard,0,1894.0
KR07HA,hard,2,2327.0
KR07HA,hard,2,5384.0
KR07HA,hard,2,2144.0
KR07HA,hard,2,1739.0
KR07HA,hard,2,5744.0
KR07HA,hard,2,897.0
KR07HA,hard,2,2605.0
KR07HA,hard,2,634.0
KR07HA,hard,2,290.0
KR07HA,hard,2,1078.0
KR07HA,hard,2,1762.0
KR07HA,hard,2,3181.0
KR07HA,hard,2,1935.0
KR07HA,hard,2,1397.0
KR07HA,hard,2,310.0
KR07HA,hard,2,1924.0
KR07HA,hard,3,4674.0
KR07HA,hard,3,80.0
KR07HA,hard,3,5110.0
KR07HA,hard,3,1484.0
KR07HA,hard,3,2445.0
KR07HA,hard,4,1912.0
KR07HA,hard,4,2013.0
KR07HA,hard,4,1317.0
KR07HA,hard,4,1589.0
KR07HA,hard,4,1155.0
KR07HA,hard,4,3538.0
KR07HA,hard,5,2791.0
KR07HA,hard,5,2777.0
KR07HA,hard,5,3921.0
KR07HA,hard,5,896.0
KR07HA,hard,5,2792.0
KR07HA,hard,6,2961.0
KR07HA,hard,6,5197.0
KR07HA,hard,6,2050.0
KR07HA,hard,6,3155.0
KR07HA,hard,6,2297.0
KR07HA,hard,6,2133.0
KR07HA,hard,6,1319.0
KR07HA,hard,6,3079.0
KR07HA,hard,6,1849.0
KR07HA,hard,6,1354.0
KR07HA,hard,6,96.0
KR07HA,hard,6,1659.0
KR07HA,hard,6,2378.0
KR07HA,hard,6,1979.0
KR07HA,hard,6,1791.0
KR07HA,hard,7,3183.0
KR07HA,hard,8,2146.0
KR07HA,hard,8,2395.0
KR07HA,hard,8,3994.0
KR07HA,hard,9,4823.0
KR07HA,hard,9,2888.0
KR07HA,hard,9,4372.0
KR07HA,hard,9,1284.0
KR07HA,hard,10,2177.0
KR07HA,hard,10,3641.0
KR07HA,hard,10,3442.0
KR07HA,hard,11,1394.0
KR07HA,hard,11,2836.0
KR07HA,hard,12,1090.0
KR07HA,hard,12,1398.0
KR07HA,hard,12,899.0
KR07HA,hard,12,1927.0
KR07HA,hard,12,1335.0
KR07HA,hard,12,1730.0
KR07HA,hard,12,3543.0
KR07HA,hard,12,643.0
KR07HA,hard,12,2576.0
KR07HA,hard,12,1804.0
KR07HA,hard,12,1122.0
KR07HA,hard,12,3578.0
KR07HA,hard,12,2912.0
KR07HA,hard,12,1853.0
KR07HA,hard,12,4065.0
KR07HA,hard,12,1710.0
KR07HA,hard,12,918.0
KR07HA,hard,12,1939.0
KR07HA,hard,13,3287.0
KR07HA,hard,13,1807.0
KR07HA,hard,13,2397.0
KR07HA,hard,13,3854.0
KR07HA,hard,13,2182.0
KR07HA,hard,13,231.0
KR07HA,hard,13,793.0
KR07HA,hard,13,16.0
KR07HA,hard,13,1154.0
KR07HA,hard,13,963.0
KR07HA,hard,13,802.0
KR07HA,hard,13,208.0
KR07HA,hard,13,64.0
KR07HA,hard,13,32.0
KR07HA,hard,13,112.0
KR07HA,hard,13,1704.0
KR07HA,hard,13,908.0
KR07HA,hard,13,80.0
KR07HA,hard,13,2760.0
KR07HA,hard,13,1986.0
KR07HA,hard,13,2309.0
KR07HA,hard,13,16.0
KR07HA,hard,15,1280.0
KR07HA,hard,15,1264.0
KR07HA,hard,15,1345.0
KR07HA,hard,15,1009.0
KR07HA,hard,15,5477.0
KR07HA,hard,15,1316.0
KR07HA,hard,15,2905.0
KR07HA,hard,15,1347.0
KR07HA,hard,15,3272.0
KR07HA,hard,15,5457.0
KR07HA,hard,16,1900.0
KR07HA,hard,16,5751.0
KR07HA,hard,16,3353.0
KR07HA,hard,16,1855.0
KR07HA,hard,16,2022.0
KR07HA,hard,18,3325.0
KR07HA,hard,19,1059.0
KR07HA,hard,19,3295.0
KR07HA,hard,19,1526.0
KR07HA,hard,19,3210.0
KR07HA,hard,19,4373.0
KR07HA,hard,19,3313.0
KR07HA,hard,19,2403.0
KR07HA,hard,19,3748.0
KR07HA,hard,19,2517.0
KR07HA,hard,19,5368.0
KR07HA,hard,19,834.0
KR07HA,hard,19,1391.0
KR07HA,hard,19,1740.0
KR07HA,normal,0,3621.0
KR07HA,normal,0,6198.0
KR07HA,normal,0,3067.0
KR07HA,normal,0,656.0
KR07HA,normal,0,946.0
KR07HA,normal,0,340.0
KR07HA,normal,0,2735.0
KR07HA,normal,0,2794.0
KR07HA,normal,0,2596.0
KR07HA,normal,0,1155.0
KR07HA,normal,0,1323.0
KR07HA,normal,1,2609.0
KR07HA,normal,1,4717.0
KR07HA,normal,1,3144.0
KR07HA,normal,1,6186.0
KR07HA,normal,1,2288.0
KR07HA,normal,1,4107.0
KR07HA,normal,1,1828.0
KR07HA,normal,1,4020.0
KR07HA,normal,1,2859.0
KR07HA,normal,1,2966.0
KR07HA,normal,1,2164.0
KR07HA,normal,1,2469.0
KR07HA,normal,1,3146.0
KR07HA,normal,1,3794.0
KR07HA,normal,1,1669.0
KR07HA,normal,1,5557.0
KR07HA,normal,1,1857.0
KR07HA,normal,1,882.0
KR07HA,normal,1,1251.0
KR07HA,normal,2,1107.0
KR07HA,normal,2,4405.0
KR07HA,normal,2,3915.0
KR07HA,normal,2,2836.0
KR07HA,normal,2,2878.0
KR07HA,normal,2,1188.0
KR07HA,normal,2,1974.0
KR07HA,normal,2,4852.0
KR07HA,normal,2,2584.0
KR07HA,normal,2,1154.0
KR07HA,normal,2,2382.0
KR07HA,normal,2,2938.0
KR07HA,normal,2,1678.0
KR07HA,normal,2,2513.0
KR07HA,normal,2,3969.0
KR07HA,normal,2,3813.0
KR07HA,normal,2,3639.0
KR07HA,normal,2,1459.0
KR07HA,normal,2,1024.0
KR07HA,normal,2,1334.0
KR07HA,normal,2,3203.0
KR07HA,normal,2,1106.0
KR07HA,normal,2,1363.0
KR07HA,normal,2,1185.0
KR07HA,normal,2,1760.0
KR07HA,normal,2,789.0
KR07HA,normal,2,1728.0
KR07HA,normal,2,1392.0
KR07HA,normal,3,3106.0
KR07HA,normal,3,1137.0
KR07HA,normal,3,3992.0
KR07HA,normal,3,3802.0
KR07HA,normal,3,2888.0
KR07HA,normal,3,2421.0
KR07HA,normal,3,2315.0
KR07HA,normal,3,2027.0
KR07HA,normal,3,2751.0
KR07HA,normal,3,946.0
KR07HA,normal,3,1878.0
KR07HA,normal,3,465.0
KR07HA,normal,3,737.0
KR07HA,normal,3,2150.0
KR07HA,normal,3,1496.0
KR07HA,normal,3,1748.0
KR07HA,normal,3,3257.0
KR07HA,normal,3,2854.0
KR07HA,normal,3,5448.0
KR07HA,normal,3,2036.0
KR07HA,normal,3,2150.0
KR07HA,normal,3,3872.0
KR07HA,normal,3,1494.0
KR07HA,normal,3,1418.0
KR07HA,normal,3,1744.0
KR07HA,normal,3,816.0
KR07HA,normal,3,1268.0
KR07HA,normal,3,1220.0
KR07HA,normal,4,2130.0
KR07HA,normal,4,3122.0
KR07HA,normal,4,2340.0
KR07HA,normal,4,64.0
KR07HA,normal,4,3337.0
KR07HA,normal,4,4278.0
KR07HA,normal,4,689.0
KR07HA,normal,4,899.0
KR07HA,normal,4,1529.0
KR07HA,normal,4,1558.0
KR07HA,normal,4,1220.0
KR07HA,normal,4,16.0
KR07HA,normal,5,1188.0
KR07HA,normal,5,1436.0
KR07HA,normal,5,2745.0
KR07HA,normal,5,3481.0
KR07HA,normal,5,2920.0
KR07HA,normal,5,4541.0
KR07HA,normal,5,1332.0
KR07HA,normal,5,1861.0
KR07HA,normal,5,1661.0
KR07HA,normal,5,4048.0
KR07HA,normal,5,2711.0
KR07HA,normal,6,2098.0
KR07HA,normal,6,4306.0
KR07HA,normal,6,1059.0
KR07HA,normal,6,5615.0
KR07HA,normal,6,2465.0
KR07HA,normal,6,2130.0
KR07HA,normal,6,2417.0
KR07HA,normal,6,2160.0
KR07HA,normal,6,2483.0
KR07HA,normal,6,1528.0
KR07HA,normal,6,1025.0
KR07HA,normal,6,1191.0
KR07HA,normal,6,2523.0
KR07HA,normal,6,1476.0
KR07HA,normal,6,3145.0
KR07HA,normal,6,1698.0
KR07HA,normal,6,1985.0
KR07HA,normal,6,2336.0
KR07HA,normal,6,1555.0
KR07HA,normal,6,3497.0
KR07HA,normal,6,1344.0
KR07HA,normal,6,2341.0
KR07HA,normal,6,79.0
KR07HA,normal,6,575.0
KR07HA,normal,6,1617.0
KR07HA,normal,6,3238.0
KR07HA,normal,6,2412.0
KR07HA,normal,6,2563.0
KR07HA,normal,6,207.0
KR07HA,normal,6,194.0
KR07HA,normal,6,306.0
KR07HA,normal,6,2084.0
KR07HA,normal,6,321.0
KR07HA,normal,6,595.0
KR07HA,normal,6,801.0
KR07HA,normal,6,160.0
KR07HA,normal,7,288.0
KR07HA,normal,7,1078.0
KR07HA,normal,7,624.0
KR07HA,normal,7,711.0
KR07HA,normal,7,3984.0
KR07HA,normal,7,4229.0
KR07HA,normal,7,4562.0
KR07HA,normal,7,4191.0
KR07HA,normal,7,2539.0
KR07HA,normal,7,1798.0
KR07HA,normal,7,2966.0
KR07HA,normal,7,2317.0
KR07HA,normal,7,851.0
KR07HA,normal,7,966.0
KR07HA,normal,7,1493.0
KR07HA,normal,7,2450.0
KR07HA,normal,8,1328.0
KR07HA,normal,8,1248.0
KR07HA,normal,8,1765.0
KR07HA,normal,8,1495.0
KR07HA,normal,8,2437.0
KR07HA,normal,8,803.0
KR07HA,normal,8,2121.0
KR07HA,normal,8,2269.0
KR07HA,normal,8,3726.0
KR07HA,normal,8,2952.0
KR07HA,normal,8,2190.0
KR07HA,normal,8,855.0
KR07HA,normal,8,5199.0
KR07HA,normal,8,2317.0
KR07HA,normal,8,1674.0
KR07HA,normal,9,3074.0
KR07HA,normal,9,5048.0
KR07HA,normal,9,2217.0
KR07HA,normal,9,4253.0
KR07HA,normal,9,6919.0
KR07HA,normal,9,5420.0
KR07HA,normal,9,4032.0
KR07HA,normal,9,1449.0
KR07HA,normal,9,96.0
KR07HA,normal,9,1908.0
KR07HA,normal,9,4993.0
KR07HA,normal,9,2373.0
KR07HA,normal,9,5406.0
KR07HA,normal,9,3496.0
KR07HA,normal,9,3919.0
KR07HA,normal,9,2353.0
KR07HA,normal,9,1355.0
KR07HA,normal,9,1667.0
KR07HA,normal,9,2225.0
KR07HA,normal,9,2383.0
KR07HA,normal,10,753.0
KR07HA,normal,10,4287.0
KR07HA,normal,10,1265.0
KR07HA,normal,10,4596.0
KR07HA,normal,10,7003.0
KR07HA,normal,10,64.0
KR07HA,normal,10,3335.0
KR07HA,normal,10,3769.0
KR07HA,normal,10,352.0
KR07HA,normal,10,4040.0
KR07HA,normal,10,96.0
KR07HA,normal,10,3919.0
KR07HA,normal,10,4869.0
KR07HA,normal,10,496.0
KR07HA,normal,10,1989.0
KR07HA,normal,10,1969.0
KR07HA,normal,11,4210.0
KR07HA,normal,11,1894.0
KR07HA,normal,11,4772.0
KR07HA,normal,11,2664.0
KR07HA,normal,11,3467.0
KR07HA,normal,11,2043.0
KR07HA,normal,11,643.0
KR07HA,normal,11,3717.0
KR07HA,normal,11,2216.0
KR07HA,normal,11,2101.0
KR07HA,normal,11,5712.0
KR07HA,normal,12,65.0
KR07HA,normal,13,3299.0
KR07HA,normal,13,1046.0
KR07HA,normal,13,2179.0
KR07HA,normal,13,2628.0
KR07HA,normal,13,1862.0
KR07HA,normal,13,2340.0
KR07HA,normal,13,2010.0
KR07HA,normal,13,3215.0
KR07HA,normal,13,2176.0
KR07HA,normal,13,1774.0
KR07HA,normal,13,2993.0
KR07HA,normal,13,2520.0
KR07HA,normal,13,2653.0
KR07HA,normal,13,5104.0
KR07HA,normal,13,3631.0
KR07HA,normal,13,644.0
KR07HA,normal,13,1911.0
KR07HA,normal,13,2268.0
KR07HA,normal,13,497.0
KR07HA,normal,13,2651.0
KR07HA,normal,13,922.0
KR07HA,normal,13,389.0
KR07HA,normal,13,64.0
KR07HA,normal,13,1736.0
KR07HA,normal,14,5168.0
KR07HA,normal,15,5011.0
KR07HA,normal,15,2551.0
KR07HA,normal,15,1830.0
KR07HA,normal,15,3988.0
KR07HA,normal,15,2919.0
KR07HA,normal,15,1325.0
KR07HA,normal,15,2070.0
KR07HA,normal,15,1431.0
KR07HA,normal,15,1650.0
KR07HA,normal,16,1200.0
KR07HA,normal,16,1239.0
KR07HA,normal,16,2185.0
KR07HA,normal,16,2006.0
KR07HA,normal,16,3902.0
KR07HA,normal,16,4638.0
KR07HA,normal,16,2851.0
KR07HA,normal,16,1881.0
KR07HA,normal,16,112.0
KR07HA,normal,16,3020.0
KR07HA,normal,16,223.0
KR07HA,normal,16,1805.0
KR07HA,normal,17,1154.0
KR07HA,normal,17,2711.0
KR07HA,normal,17,3277.0
KR07HA,normal,17,823.0
KR07HA,normal,17,2977.0
KR07HA,normal,18,4930.0
KR07HA,normal,18,2952.0
KR07HA,normal,18,4607.0
KR07HA,normal,18,3992.0
KR07HA,normal,18,3292.0
KR07HA,normal,18,3511.0
KR07HA,normal,18,4961.0
KR07HA,normal,18,2932.0
KR07HA,normal,18,4310.0
KR07HA,normal,18,2115.0
KR07HA,normal,18,2224.0
KR07HA,normal,18,1489.0
KR07HA,normal,18,208.0
KR07HA,normal,18,1216.0
KR07HA,normal,18,832.0
KR07HA,normal,18,256.0
KR07HA,normal,18,640.0
KR07HA,normal,18,1745.0
KR07HA,normal,18,2592.0
KR07HA,normal,19,3209.0
KR07HA,normal,19,3127.0
KR07HA,normal,19,2045.0
KR07HA,normal,19,972.0
KR07HA,normal,19,1428.0
KR07HA,normal,19,1976.0
KR07HA,normal,19,2524.0
KR07HA,normal,19,1465.0
KR07HA,normal,19,97.0
KR07HA,normal,19,2812.0
KR07HA,normal,19,4438.0
KR07HA,normal,19,1218.0
KR07HA,normal,19,1438.0
KR07HA,normal,19,1531.0
KR07HA,normal,19,2174.0
KR07HA,normal,19,2231.0
KR07HA,normal,19,1971.0
KR07HA,normal,19,1236.0
KR07HA,normal,19,2358.0
KR07HA,normal,19,1830.0
KR07HA,normal,19,1846.0
KR07HA,normal,19,3311.0
KR07HA,normal,19,1765.0
KR07HA,normal,19,1974.0
MA03CL,easy,0,12249.0
MA03CL,easy,0,2105.0
MA03CL,easy,0,5300.0
MA03CL,easy,0,5484.0
MA03CL,easy,0,4100.0
MA03CL,easy,0,2965.0
MA03CL,easy,2,4117.0
MA03CL,easy,2,483.0
MA03CL,easy,2,1201.0
MA03CL,easy,2,4650.0
MA03CL,easy,3,9229.0
MA03CL,easy,3,3016.0
MA03CL,easy,3,7133.0
MA03CL,easy,3,1984.0
MA03CL,easy,3,1616.0
MA03CL,easy,3,2501.0
MA03CL,easy,3,1184.0
MA03CL,easy,3,1616.0
MA03CL,easy,3,6918.0
MA03CL,easy,3,2551.0
MA03CL,easy,3,2917.0
MA03CL,easy,3,2617.0
MA03CL,easy,4,12674.0
MA03CL,easy,4,3536.0
MA03CL,easy,4,1200.0
MA03CL,easy,4,2832.0
MA03CL,easy,4,6224.0
MA03CL,easy,4,896.0
MA03CL,easy,4,1472.0
MA03CL,easy,4,4417.0
MA03CL,easy,4,608.0
MA03CL,easy,4,1604.0
MA03CL,easy,4,2892.0
MA03CL,easy,4,1231.0
MA03CL,easy,5,8224.0
MA03CL,easy,5,3840.0
MA03CL,easy,5,4693.0
MA03CL,easy,5,5393.0
MA03CL,easy,5,1761.0
MA03CL,easy,7,16681.0
MA03CL,easy,7,2000.0
MA03CL,easy,8,8167.0
MA03CL,easy,8,7664.0
MA03CL,easy,8,2023.0
MA03CL,easy,8,1333.0
MA03CL,easy,8,1650.0
MA03CL,easy,8,1667.0
MA03CL,easy,8,3633.0
MA03CL,easy,8,8798.0
MA03CL,easy,9,7733.0
MA03CL,easy,9,6484.0
MA03CL,easy,9,1567.0
MA03CL,easy,9,6200.0
MA03CL,easy,9,3267.0
MA03CL,easy,9,767.0
MA03CL,easy,9,1366.0
MA03CL,easy,9,1066.0
MA03CL,easy,9,4317.0
MA03CL,easy,9,1583.0
MA03CL,easy,9,1550.0
MA03CL,easy,10,8000.0
MA03CL,easy,10,1680.0
MA03CL,easy,10,928.0
MA03CL,easy,10,1296.0
MA03CL,easy,10,2272.0
MA03CL,easy,10,2930.0
MA03CL,easy,10,5056.0
MA03CL,easy,11,7823.0
MA03CL,easy,11,1776.0
MA03CL,easy,12,6716.0
MA03CL,easy,12,8267.0
MA03CL,easy,12,3584.0
MA03CL,easy,12,8034.0
MA03CL,easy,12,3050.0
MA03CL,easy,12,2267.0
MA03CL,easy,12,2284.0
MA03CL,easy,12,7217.0
MA03CL,easy,12,466.0
MA03CL,easy,12,2151.0
MA03CL,easy,13,1328.0
MA03CL,easy,13,5972.0
MA03CL,easy,13,4256.0
MA03CL,easy,13,5681.0
MA03CL,easy,13,352.0
MA03CL,easy,13,3009.0
MA03CL,easy,14,4808.0
MA03CL,easy,15,7812.0
MA03CL,easy,16,1559.0
MA03CL,easy,16,2700.0
MA03CL,easy,16,1902.0
MA03CL,easy,16,1133.0
MA03CL,easy,16,3233.0
MA03CL,easy,16,1517.0
MA03CL,easy,16,3296.0
MA03CL,easy,16,1684.0
MA03CL,easy,16,500.0
MA03CL,easy,16,3716.0
MA03CL,easy,16,1617.0
MA03CL,easy,16,1833.0
MA03CL,easy,16,2150.0
MA03CL,easy,16,500.0
MA03CL,easy,16,3033.0
MA03CL,easy,16,1150.0
MA03CL,easy,16,2750.0
MA03CL,easy,16,1867.0
MA03CL,easy,17,11998.0
MA03CL,easy,17,2767.0
MA03CL,easy,18,10033.0
MA03CL,easy,18,7417.0
MA03CL,easy,18,3567.0
MA03CL,easy,18,2879.0
MA03CL,easy,18,2931.0
MA03CL,easy,18,3864.0
MA03CL,easy,18,1914.0
MA03CL,easy,18,3010.0
MA03CL,easy,18,1344.0
MA03CL,easy,19,18995.0
MA03CL,easy,19,2050.0
MA03CL,easy,19,5050.0
MA03CL,hard,2,6400.0
MA03CL,hard,2,11828.0
MA03CL,hard,2,1488.0
MA03CL,hard,2,1424.0
MA03CL,hard,2,2288.0
MA03CL,hard,2,3088.0
MA03CL,hard,2,336.0
MA03CL,hard,2,11884.0
MA03CL,hard,3,1100.0
MA03CL,hard,3,7601.0
MA03CL,hard,3,600.0
MA03CL,hard,3,1367.0
MA03CL,hard,3,2767.0
MA03CL,hard,4,17120.0
MA03CL,hard,4,6585.0
MA03CL,hard,4,1466.0
MA03CL,hard,4,1499.0
MA03CL,hard,4,2929.0
MA03CL,hard,4,8030.0
MA03CL,hard,4,1333.0
MA03CL,hard,4,2200.0
MA03CL,hard,4,1750.0
MA03CL,hard,4,1150.0
MA03CL,hard,4,8300.0
MA03CL,hard,4,2000.0
MA03CL,hard,5,2203.0
MA03CL,hard,5,7297.0
MA03CL,hard,5,1600.0
MA03CL,hard,5,7084.0
MA03CL,hard,5,1067.0
MA03CL,hard,5,1417.0
MA03CL,hard,5,8900.0
MA03CL,hard,5,884.0
MA03CL,hard,5,1367.0
MA03CL,hard,5,2567.0
MA03CL,hard,5,1933.0
MA03CL,hard,5,366.0
MA03CL,hard,6,15380.0
MA03CL,hard,6,5817.0
MA03CL,hard,7,4110.0
MA03CL,hard,7,13965.0
MA03CL,hard,7,4612.0
MA03CL,hard,8,13184.0
MA03CL,hard,8,700.0
MA03CL,hard,8,4662.0
MA03CL,hard,8,3714.0
MA03CL,hard,8,5465.0
MA03CL,hard,8,1184.0
MA03CL,hard,8,944.0
MA03CL,hard,8,8749.0
MA03CL,hard,8,1450.0
MA03CL,hard,10,6984.0
MA03CL,hard,10,16868.0
MA03CL,hard,10,7100.0
MA03CL,hard,11,1719.0
MA03CL,hard,11,10649.0
MA03CL,hard,11,5919.0
MA03CL,hard,11,1433.0
MA03CL,hard,11,2667.0
MA03CL,hard,11,1900.0
MA03CL,hard,11,7383.0
MA03CL,hard,11,5983.0
MA03CL,hard,11,1850.0
MA03CL,hard,12,10497.0
MA03CL,hard,12,4267.0
MA03CL,hard,12,6401.0
MA03CL,hard,12,12350.0
MA03CL,hard,12,3716.0
MA03CL,hard,12,12518.0
MA03CL,hard,13,4750.0
MA03CL,hard,14,12580.0
MA03CL,hard,14,8818.0
MA03CL,hard,14,1168.0
MA03CL,hard,14,4160.0
MA03CL,hard,14,1584.0
MA03CL,hard,14,2464.0
MA03CL,hard,14,1888.0
MA03CL,hard,14,5456.0
MA03CL,hard,14,304.0
MA03CL,hard,14,1487.0
MA03CL,hard,14,641.0
MA03CL,hard,14,3376.0
MA03CL,hard,14,1392.0
MA03CL,hard,14,1648.0
MA03CL,hard,14,976.0
MA03CL,hard,14,6034.0
MA03CL,hard,14,1697.0
MA03CL,hard,14,8595.0
MA03CL,hard,15,7493.0
MA03CL,hard,15,7890.0
MA03CL,hard,15,10575.0
MA03CL,hard,15,1296.0
MA03CL,hard,15,8836.0
MA03CL,hard,17,4579.0
MA03CL,hard,17,1856.0
MA03CL,hard,17,1010.0
MA03CL,hard,17,1345.0
MA03CL,hard,17,2479.0
MA03CL,hard,17,4983.0
MA03CL,hard,17,4334.0
MA03CL,hard,17,919.0
MA03CL,hard,17,4050.0
MA03CL,hard,17,3237.0
MA03CL,hard,17,5717.0
MA03CL,hard,17,3523.0
MA03CL,hard,18,2188.0
MA03CL,hard,18,3969.0
MA03CL,hard,18,2784.0
MA03CL,hard,18,8052.0
MA03CL,hard,18,4368.0
MA03CL,hard,18,3633.0
MA03CL,hard,18,1400.0
MA03CL,hard,18,2566.0
MA03CL,hard,18,7637.0
MA03CL,hard,18,1150.0
MA03CL,hard,18,1267.0
MA03CL,hard,18,3534.0
MA03CL,hard,18,333.0
MA03CL,hard,18,767.0
MA03CL,hard,18,16.0
MA03CL,hard,18,183.0
MA03CL,hard,18,2183.0
MA03CL,hard,18,2734.0
MA03CL,hard,18,2232.0
MA03CL,hard,19,12909.0
MA03CL,hard,19,4567.0
MA03CL,hard,19,4767.0
MA03CL,normal,0,5975.0
MA03CL,normal,1,5934.0
MA03CL,normal,1,4067.0
MA03CL,normal,1,3816.0
MA03CL,normal,1,5233.0
MA03CL,normal,1,11383.0
MA03CL,normal,1,1183.0
MA03CL,normal,1,2683.0
MA03CL,normal,1,916.0
MA03CL,normal,1,1167.0
MA03CL,normal,1,10967.0
MA03CL,normal,2,929.0
MA03CL,normal,2,2146.0
MA03CL,normal,2,10658.0
MA03CL,normal,2,3100.0
MA03CL,normal,2,2217.0
MA03CL,normal,2,5084.0
MA03CL,normal,2,5033.0
MA03CL,normal,2,6000.0
MA03CL,normal,2,4467.0
MA03CL,normal,2,2217.0
MA03CL,normal,2,3050.0
MA03CL,normal,2,5484.0
MA03CL,normal,2,2600.0
MA03CL,normal,2,1884.0
MA03CL,normal,2,4426.0
MA03CL,normal,3,10791.0
MA03CL,normal,3,10150.0
MA03CL,normal,3,833.0
MA03CL,normal,3,5534.0
MA03CL,normal,3,1327.0
MA03CL,normal,3,1410.0
MA03CL,normal,3,2684.0
MA03CL,normal,3,4150.0
MA03CL,normal,3,2050.0
MA03CL,normal,3,2900.0
MA03CL,normal,5,11001.0
MA03CL,normal,5,9467.0
MA03CL,normal,5,2383.0
MA03CL,normal,6,4656.0
MA03CL,normal,6,5124.0
MA03CL,normal,6,10401.0
MA03CL,normal,6,1387.0
MA03CL,normal,6,2484.0
MA03CL,normal,6,1234.0
MA03CL,normal,6,1305.0
MA03CL,normal,6,4853.0
MA03CL,normal,6,1569.0
MA03CL,normal,6,2499.0
MA03CL,normal,6,2483.0
MA03CL,normal,6,3335.0
MA03CL,normal,6,7617.0
MA03CL,normal,6,3367.0
MA03CL,normal,6,3217.0
MA03CL,normal,6,2862.0
MA03CL,normal,6,6942.0
MA03CL,normal,7,7850.0
MA03CL,normal,8,4448.0
MA03CL,normal,8,7270.0
MA03CL,normal,8,1808.0
MA03CL,normal,8,4163.0
MA03CL,normal,8,4936.0
MA03CL,normal,8,5614.0
MA03CL,normal,8,1699.0
MA03CL,normal,8,661.0
MA03CL,normal,8,2897.0
MA03CL,normal,8,3142.0
MA03CL,normal,9,3384.0
MA03CL,normal,9,2650.0
MA03CL,normal,9,6700.0
MA03CL,normal,9,634.0
MA03CL,normal,9,3733.0
MA03CL,normal,9,1667.0
MA03CL,normal,9,3600.0
MA03CL,normal,9,5134.0
MA03CL,normal,9,3384.0
MA03CL,normal,9,4633.0
MA03CL,normal,9,5417.0
MA03CL,normal,9,1817.0
MA03CL,normal,9,2433.0
MA03CL,normal,9,3451.0
MA03CL,normal,10,7434.0
MA03CL,normal,10,5501.0
MA03CL,normal,10,1933.0
MA03CL,normal,10,3733.0
MA03CL,normal,10,2800.0
MA03CL,normal,10,2150.0
MA03CL,normal,11,8083.0
MA03CL,normal,11,3986.0
MA03CL,normal,11,3590.0
MA03CL,normal,11,7323.0
MA03CL,normal,11,4602.0
MA03CL,normal,11,3252.0
MA03CL,normal,11,2100.0
MA03CL,normal,11,6883.0
MA03CL,normal,11,4429.0
MA03CL,normal,12,4067.0
MA03CL,normal,12,1000.0
MA03CL,normal,13,933.0
MA03CL,normal,13,3054.0
MA03CL,normal,13,8183.0
MA03CL,normal,13,4750.0
MA03CL,normal,13,4400.0
MA03CL,normal,13,3717.0
MA03CL,normal,13,1667.0
MA03CL,normal,13,4067.0
MA03CL,normal,13,2251.0
MA03CL,normal,14,11566.0
MA03CL,normal,14,2433.0
MA03CL,normal,14,8267.0
MA03CL,normal,14,984.0
MA03CL,normal,14,767.0
MA03CL,normal,14,1950.0
MA03CL,normal,14,6050.0
MA03CL,normal,14,716.0
MA03CL,normal,15,9250.0
MA03CL,normal,16,9444.0
MA03CL,normal,16,5925.0
MA03CL,normal,17,1296.0
MA03CL,normal,17,13617.0
MA03CL,normal,17,5634.0
MA03CL,normal,17,3350.0
MA03CL,normal,17,5184.0
MA03CL,normal,17,4804.0
MA03CL,normal,17,533.0
MA03CL,normal,17,2146.0
MA03CL,normal,18,10234.0
MA03CL,normal,18,800.0
MA03CL,normal,18,1467.0
MA03CL,normal,18,5017.0
MA03CL,normal,18,1366.0
MA03CL,normal,19,14233.0
MA03CL,normal,19,1550.0
MA03CL,normal,19,3750.0
MA03CL,normal,19,6967.0
MA03CL,normal,19,2236.0
PA05OL,easy,0,2144.0
PA05OL,easy,0,2352.0
PA05OL,easy,0,1040.0
PA05OL,easy,0,2738.0
PA05OL,easy,0,2293.0
PA05OL,easy,0,1460.0
PA05OL,easy,1,1360.0
PA05OL,easy,1,2020.0
PA05OL,easy,1,2019.0
PA05OL,easy,1,2848.0
PA05OL,easy,1,848.0
PA05OL,easy,1,1669.0
PA05OL,easy,1,4201.0
PA05OL,easy,1,80.0
PA05OL,easy,1,881.0
PA05OL,easy,1,576.0
PA05OL,easy,1,480.0
PA05OL,easy,1,656.0
PA05OL,easy,1,1489.0
PA05OL,easy,1,1382.0
PA05OL,easy,1,2386.0
PA05OL,easy,1,1810.0
PA05OL,easy,1,1157.0
PA05OL,easy,1,2160.0
PA05OL,easy,2,1166.0
PA05OL,easy,2,1734.0
PA05OL,easy,2,1450.0
PA05OL,easy,2,1285.0
PA05OL,easy,2,2270.0
PA05OL,easy,2,2936.0
PA05OL,easy,2,3433.0
PA05OL,easy,2,330.0
PA05OL,easy,2,1485.0
PA05OL,easy,3,3252.0
PA05OL,easy,3,1417.0
PA05OL,easy,3,2932.0
PA05OL,easy,3,4033.0
PA05OL,easy,3,1332.0
PA05OL,easy,3,2117.0
PA05OL,easy,3,2366.0
PA05OL,easy,3,3899.0
PA05OL,easy,3,633.0
PA05OL,easy,3,1233.0
PA05OL,easy,3,1133.0
PA05OL,easy,3,1400.0
PA05OL,easy,3,634.0
PA05OL,easy,3,934.0
PA05OL,easy,3,2150.0
PA05OL,easy,3,2583.0
PA05OL,easy,3,367.0
PA05OL,easy,3,863.0
PA05OL,easy,4,2208.0
PA05OL,easy,4,80.0
PA05OL,easy,4,1664.0
PA05OL,easy,4,64.0
PA05OL,easy,4,1153.0
PA05OL,easy,4,432.0
PA05OL,easy,5,2497.0
PA05OL,easy,5,2481.0
PA05OL,easy,5,1267.0
PA05OL,easy,5,683.0
PA05OL,easy,5,258.0
PA05OL,easy,5,901.0
PA05OL,easy,5,2810.0
PA05OL,easy,5,1218.0
PA05OL,easy,5,1584.0
PA05OL,easy,5,2384.0
PA05OL,easy,5,1810.0
PA05OL,easy,5,464.0
PA05OL,easy,5,688.0
PA05OL,easy,6,1953.0
PA05OL,easy,6,2267.0
PA05OL,easy,7,1168.0
PA05OL,easy,7,3009.0
PA05OL,easy,7,5125.0
PA05OL,easy,7,398.0
PA05OL,easy,7,2267.0
PA05OL,easy,7,1966.0
PA05OL,easy,7,3014.0
PA05OL,easy,7,374.0
PA05OL,easy,7,1152.0
PA05OL,easy,7,993.0
PA05OL,easy,7,528.0
PA05OL,easy,7,1345.0
PA05OL,easy,7,784.0
PA05OL,easy,7,915.0
PA05OL,easy,7,1712.0
PA05OL,easy,7,2038.0
PA05OL,easy,7,1921.0
PA05OL,easy,7,1235.0
PA05OL,easy,7,2625.0
PA05OL,easy,7,1588.0
PA05OL,easy,7,754.0
PA05OL,easy,7,1012.0
PA05OL,easy,7,1365.0
PA05OL,easy,7,955.0
PA05OL,easy,7,1517.0
PA05OL,easy,7,1350.0
PA05OL,easy,7,1150.0
PA05OL,easy,7,3435.0
PA05OL,easy,7,1495.0
PA05OL,easy,7,80.0
PA05OL,easy,7,50.0
PA05OL,easy,7,1438.0
PA05OL,easy,7,1467.0
PA05OL,easy,7,1266.0
PA05OL,easy,7,2010.0
PA05OL,easy,9,1828.0
PA05OL,easy,9,1844.0
PA05OL,easy,9,117.0
PA05OL,easy,9,1184.0
PA05OL,easy,9,1567.0
PA05OL,easy,9,1467.0
PA05OL,easy,9,1833.0
PA05OL,easy,9,2515.0
PA05OL,easy,9,133.0
PA05OL,easy,9,1665.0
PA05OL,easy,9,2046.0
PA05OL,easy,9,3134.0
PA05OL,easy,9,400.0
PA05OL,easy,9,1035.0
PA05OL,easy,9,1331.0
PA05OL,easy,9,787.0
PA05OL,easy,10,1632.0
PA05OL,easy,10,4064.0
PA05OL,easy,10,944.0
PA05OL,easy,10,1376.0
PA05OL,easy,10,480.0
PA05OL,easy,10,16.0
PA05OL,easy,10,48.0
PA05OL,easy,10,976.0
PA05OL,easy,10,1568.0
PA05OL,easy,10,2304.0
PA05OL,easy,10,2256.0
PA05OL,easy,10,1616.0
PA05OL,easy,11,1472.0
PA05OL,easy,11,5136.0
PA05OL,easy,11,580.0
PA05OL,easy,11,2080.0
PA05OL,easy,12,1440.0
PA05OL,easy,12,1696.0
PA05OL,easy,12,1920.0
PA05OL,easy,13,2832.0
PA05OL,easy,13,1456.0
PA05OL,easy,13,96.0
PA05OL,easy,13,880.0
PA05OL,easy,13,80.0
PA05OL,easy,13,16.0
PA05OL,easy,13,1154.0
PA05OL,easy,13,1522.0
PA05OL,easy,13,1489.0
PA05OL,easy,13,576.0
PA05OL,easy,13,688.0
PA05OL,easy,13,1616.0
PA05OL,easy,13,1360.0
PA05OL,easy,13,64.0
PA05OL,easy,13,3960.0
PA05OL,easy,13,963.0
PA05OL,easy,13,749.0
PA05OL,easy,14,1568.0
PA05OL,easy,14,2352.0
PA05OL,easy,14,2720.0
PA05OL,easy,14,2529.0
PA05OL,easy,14,1938.0
PA05OL,easy,14,192.0
PA05OL,easy,14,1465.0
PA05OL,easy,14,112.0
PA05OL,easy,14,1591.0
PA05OL,easy,14,1538.0
PA05OL,easy,14,385.0
PA05OL,easy,14,642.0
PA05OL,easy,14,2628.0
PA05OL,easy,15,4018.0
PA05OL,easy,15,2336.0
PA05OL,easy,15,624.0
PA05OL,easy,15,487.0
PA05OL,easy,15,64.0
PA05OL,easy,16,2384.0
PA05OL,easy,16,48.0
PA05OL,easy,16,1313.0
PA05OL,easy,16,2759.0
PA05OL,easy,16,1183.0
PA05OL,easy,16,5069.0
PA05OL,easy,17,3584.0
PA05OL,easy,17,1680.0
PA05OL,easy,17,305.0
PA05OL,easy,17,2223.0
PA05OL,easy,17,1344.0
PA05OL,easy,17,1633.0
PA05OL,easy,17,3317.0
PA05OL,easy,17,784.0
PA05OL,easy,17,250.0
PA05OL,easy,18,2448.0
PA05OL,easy,18,2036.0
PA05OL,easy,18,3477.0
PA05OL,easy,18,339.0
PA05OL,easy,18,1412.0
PA05OL,easy,18,1750.0
PA05OL,easy,18,900.0
PA05OL,easy,18,1700.0
PA05OL,easy,18,1402.0
PA05OL,easy,18,984.0
PA05OL,easy,18,134.0
PA05OL,easy,18,983.0
PA05OL,easy,18,2016.0
PA05OL,easy,18,1883.0
PA05OL,easy,18,67.0
PA05OL,easy,18,1601.0
PA05OL,easy,18,817.0
PA05OL,easy,18,1883.0
PA05OL,easy,18,1533.0
PA05OL,easy,18,1583.0
PA05OL,easy,18,1399.0
PA05OL,easy,19,2316.0
PA05OL,easy,19,3017.0
PA05OL,easy,19,767.0
PA05OL,easy,19,800.0
PA05OL,easy,19,3048.0
PA05OL,easy,19,766.0
PA05OL,easy,19,202.0
PA05OL,easy,19,467.0
PA05OL,easy,19,2233.0
PA05OL,hard,1,1314.0
PA05OL,hard,1,1911.0
PA05OL,hard,1,1933.0
PA05OL,hard,1,100.0
PA05OL,hard,1,1851.0
PA05OL,hard,1,3985.0
PA05OL,hard,1,266.0
PA05OL,hard,1,1367.0
PA05OL,hard,1,1883.0
PA05OL,hard,1,617.0
PA05OL,hard,1,650.0
PA05OL,hard,1,67.0
PA05OL,hard,1,2067.0
PA05OL,hard,1,1166.0
PA05OL,hard,1,3167.0
PA05OL,hard,1,2083.0
PA05OL,hard,1,3384.0
PA05OL,hard,1,917.0
PA05OL,hard,1,884.0
PA05OL,hard,1,1103.0
PA05OL,hard,1,50.0
PA05OL,hard,1,2453.0
PA05OL,hard,1,67.0
PA05OL,hard,1,1116.0
PA05OL,hard,1,1900.0
PA05OL,hard,1,1220.0
PA05OL,hard,1,1083.0
PA05OL,hard,1,1467.0
PA05OL,hard,1,2150.0
PA05OL,hard,1,978.0
PA05OL,hard,1,1189.0
PA05OL,hard,1,947.0
PA05OL,hard,1,626.0
PA05OL,hard,1,628.0
PA05OL,hard,1,48.0
PA05OL,hard,1,657.0
PA05OL,hard,1,2289.0
PA05OL,hard,1,1664.0
PA05OL,hard,1,2067.0
PA05OL,hard,1,1729.0
PA05OL,hard,1,1267.0
PA05OL,hard,1,720.0
PA05OL,hard,1,720.0
PA05OL,hard,2,4233.0
PA05OL,hard,2,150.0
PA05OL,hard,2,1750.0
PA05OL,hard,2,1567.0
PA05OL,hard,2,2068.0
PA05OL,hard,2,1050.0
PA05OL,hard,2,100.0
PA05OL,hard,2,2966.0
PA05OL,hard,2,933.0
PA05OL,hard,2,1683.0
PA05OL,hard,2,81.0
PA05OL,hard,2,1350.0
PA05OL,hard,2,1500.0
PA05OL,hard,2,900.0
PA05OL,hard,2,4216.0
PA05OL,hard,2,1228.0
PA05OL,hard,2,788.0
PA05OL,hard,2,265.0
PA05OL,hard,2,682.0
PA05OL,hard,2,2718.0
PA05OL,hard,2,1234.0
PA05OL,hard,2,633.0
PA05OL,hard,2,1150.0
PA05OL,hard,2,33.0
PA05OL,hard,2,783.0
PA05OL,hard,2,1700.0
PA05OL,hard,2,1066.0
PA05OL,hard,2,1167.0
PA05OL,hard,2,2067.0
PA05OL,hard,2,2184.0
PA05OL,hard,2,300.0
PA05OL,hard,2,1001.0
PA05OL,hard,2,1467.0
PA05OL,hard,2,817.0
PA05OL,hard,2,1467.0
PA05OL,hard,2,917.0
PA05OL,hard,2,700.0
PA05OL,hard,2,1850.0
PA05OL,hard,2,1167.0
PA05OL,hard,2,67.0
PA05OL,hard,2,2749.0
PA05OL,hard,2,1752.0
PA05OL,hard,2,1233.0
PA05OL,hard,2,1250.0
PA05OL,hard,2,2250.0
PA05OL,hard,2,1450.0
PA05OL,hard,2,1096.0
PA05OL,hard,3,2249.0
PA05OL,hard,3,2527.0
PA05OL,hard,3,84.0
PA05OL,hard,3,2366.0
PA05OL,hard,3,1118.0
PA05OL,hard,3,1783.0
PA05OL,hard,3,1933.0
PA05OL,hard,3,3650.0
PA05OL,hard,3,1669.0
PA05OL,hard,3,400.0
PA05OL,hard,3,2367.0
PA05OL,hard,3,1550.0
PA05OL,hard,3,2084.0
PA05OL,hard,3,1565.0
PA05OL,hard,3,850.0
PA05OL,hard,3,34.0
PA05OL,hard,3,1517.0
PA05OL,hard,3,1065.0
PA05OL,hard,3,867.0
PA05OL,hard,3,200.0
PA05OL,hard,3,1367.0
PA05OL,hard,4,1416.0
PA05OL,hard,4,2000.0
PA05OL,hard,4,2300.0
PA05OL,hard,4,16.0
PA05OL,hard,4,1650.0
PA05OL,hard,4,300.0
PA05OL,hard,4,2133.0
PA05OL,hard,4,1851.0
PA05OL,hard,4,1283.0
PA05OL,hard,4,1899.0
PA05OL,hard,4,1266.0
PA05OL,hard,4,2000.0
PA05OL,hard,6,1935.0
PA05OL,hard,6,2328.0
PA05OL,hard,7,2561.0
PA05OL,hard,7,1170.0
PA05OL,hard,7,1456.0
PA05OL,hard,7,3073.0
PA05OL,hard,7,906.0
PA05OL,hard,7,3141.0
PA05OL,hard,7,896.0
PA05OL,hard,7,1586.0
PA05OL,hard,7,1344.0
PA05OL,hard,7,2834.0
PA05OL,hard,7,704.0
PA05OL,hard,7,1730.0
PA05OL,hard,7,2225.0
PA05OL,hard,7,80.0
PA05OL,hard,7,1746.0
PA05OL,hard,7,2128.0
PA05OL,hard,7,1184.0
PA05OL,hard,7,32.0
PA05OL,hard,7,2032.0
PA05OL,hard,7,64.0
PA05OL,hard,7,1698.0
PA05OL,hard,7,1973.0
PA05OL,hard,7,929.0
PA05OL,hard,7,1312.0
PA05OL,hard,7,816.0
PA05OL,hard,7,992.0
PA05OL,hard,7,944.0
PA05OL,hard,7,64.0
PA05OL,hard,7,992.0
PA05OL,hard,7,2244.0
PA05OL,hard,7,2160.0
PA05OL,hard,7,1218.0
PA05OL,hard,7,948.0
PA05OL,hard,7,2547.0
PA05OL,hard,7,64.0
PA05OL,hard,7,1631.0
PA05OL,hard,7,592.0
PA05OL,hard,7,1088.0
PA05OL,hard,7,112.0
PA05OL,hard,7,2048.0
PA05OL,hard,7,1024.0
PA05OL,hard,7,1361.0
PA05OL,hard,7,784.0
PA05OL,hard,7,192.0
PA05OL,hard,7,432.0
PA05OL,hard,7,1504.0
PA05OL,hard,7,896.0
PA05OL,hard,7,1360.0
PA05OL,hard,8,2339.0
PA05OL,hard,8,2164.0
PA05OL,hard,8,1233.0
PA05OL,hard,8,1383.0
PA05OL,hard,10,80.0
PA05OL,hard,10,1728.0
PA05OL,hard,10,1440.0
PA05OL,hard,10,1506.0
PA05OL,hard,10,688.0
PA05OL,hard,10,1440.0
PA05OL,hard,10,1841.0
PA05OL,hard,10,80.0
PA05OL,hard,10,1888.0
PA05OL,hard,10,1696.0
PA05OL,hard,10,544.0
PA05OL,hard,10,1248.0
PA05OL,hard,10,1040.0
PA05OL,hard,10,1712.0
PA05OL,hard,11,2706.0
PA05OL,hard,11,2016.0
PA05OL,hard,11,3834.0
PA05OL,hard,13,2055.0
PA05OL,hard,13,2033.0
PA05OL,hard,13,1666.0
PA05OL,hard,13,100.0
PA05OL,hard,13,67.0
PA05OL,hard,13,1384.0
PA05OL,hard,13,67.0
PA05OL,hard,13,2483.0
PA05OL,hard,13,86.0
PA05OL,hard,14,688.0
PA05OL,hard,14,1779.0
PA05OL,hard,14,2882.0
PA05OL,hard,14,2592.0
PA05OL,hard,14,896.0
PA05OL,hard,14,1360.0
PA05OL,hard,14,3993.0
PA05OL,hard,14,864.0
PA05OL,hard,14,1088.0
PA05OL,hard,14,288.0
PA05OL,hard,14,2096.0
PA05OL,hard,14,3092.0
PA05OL,hard,14,1921.0
PA05OL,hard,14,1184.0
PA05OL,hard,14,1250.0
PA05OL,hard,14,912.0
PA05OL,hard,14,1845.0
PA05OL,hard,14,3281.0
PA05OL,hard,14,1472.0
PA05OL,hard,14,448.0
PA05OL,hard,14,1744.0
PA05OL,hard,14,2132.0
PA05OL,hard,14,3107.0
PA05OL,hard,14,2322.0
PA05OL,hard,14,1812.0
PA05OL,hard,14,2417.0
PA05OL,hard,14,1536.0
PA05OL,hard,14,1728.0
PA05OL,hard,14,1136.0
PA05OL,hard,14,528.0
PA05OL,hard,14,1177.0
PA05OL,hard,14,2080.0
PA05OL,hard,14,2624.0
PA05OL,hard,15,2427.0
PA05OL,hard,15,2000.0
PA05OL,hard,16,2173.0
PA05OL,hard,16,1264.0
PA05OL,hard,16,1567.0
PA05OL,hard,16,4234.0
PA05OL,hard,16,2048.0
PA05OL,hard,16,1667.0
PA05OL,hard,16,600.0
PA05OL,hard,16,1924.0
PA05OL,hard,16,879.0
PA05OL,hard,16,2306.0
PA05OL,hard,16,1332.0
PA05OL,hard,16,866.0
PA05OL,hard,16,2034.0
PA05OL,hard,16,961.0
PA05OL,hard,16,2083.0
PA05OL,hard,16,1318.0
PA05OL,hard,16,992.0
PA05OL,hard,16,960.0
PA05OL,hard,16,593.0
PA05OL,hard,16,1856.0
PA05OL,hard,16,2196.0
PA05OL,hard,16,1510.0
PA05OL,hard,16,592.0
PA05OL,hard,16,1488.0
PA05OL,hard,16,1424.0
PA05OL,hard,16,976.0
PA05OL,hard,16,1169.0
PA05OL,hard,16,985.0
PA05OL,hard,16,1600.0
PA05OL,hard,16,960.0
PA05OL,hard,16,1616.0
PA05OL,hard,16,1520.0
PA05OL,hard,16,1488.0
PA05OL,hard,16,896.0
PA05OL,hard,16,1255.0
PA05OL,hard,16,64.0
PA05OL,hard,16,2704.0
PA05OL,hard,16,2914.0
PA05OL,hard,16,1361.0
PA05OL,hard,16,1869.0
PA05OL,hard,16,2456.0
PA05OL,hard,16,1400.0
PA05OL,hard,17,2082.0
PA05OL,hard,17,1070.0
PA05OL,hard,17,1583.0
PA05OL,hard,17,1234.0
PA05OL,hard,17,1533.0
PA05OL,hard,17,1836.0
PA05OL,hard,18,922.0
PA05OL,hard,18,4406.0
PA05OL,hard,18,50.0
PA05OL,hard,18,2184.0
PA05OL,hard,18,2000.0
PA05OL,hard,18,2349.0
PA05OL,hard,18,2483.0
PA05OL,hard,18,867.0
PA05OL,hard,18,451.0
PA05OL,hard,18,482.0
PA05OL,hard,18,1253.0
PA05OL,hard,18,1702.0
PA05OL,hard,18,1185.0
PA05OL,hard,18,1783.0
PA05OL,hard,18,2483.0
PA05OL,hard,18,834.0
PA05OL,hard,18,119.0
PA05OL,hard,18,450.0
PA05OL,hard,18,1250.0
PA05OL,hard,18,934.0
PA05OL,hard,18,451.0
PA05OL,hard,18,151.0
PA05OL,hard,18,684.0
PA05OL,hard,18,4068.0
PA05OL,hard,18,1818.0
PA05OL,hard,18,1483.0
PA05OL,hard,18,1616.0
PA05OL,hard,18,131.0
PA05OL,hard,18,3100.0
PA05OL,hard,18,2450.0
PA05OL,hard,18,1867.0
PA05OL,hard,18,2400.0
PA05OL,hard,18,1533.0
PA05OL,hard,18,1216.0
PA05OL,hard,18,1650.0
PA05OL,hard,18,1983.0
PA05OL,hard,18,2679.0
PA05OL,hard,18,950.0
PA05OL,hard,18,467.0
PA05OL,hard,18,3654.0
PA05OL,hard,19,1650.0
PA05OL,hard,19,400.0
PA05OL,hard,19,2434.0
PA05OL,hard,19,2484.0
PA05OL,hard,19,50.0
PA05OL,hard,19,2116.0
PA05OL,hard,19,4584.0
PA05OL,hard,19,517.0
PA05OL,hard,19,3286.0
PA05OL,hard,19,1017.0
PA05OL,hard,19,2750.0
PA05OL,hard,19,1036.0
PA05OL,hard,19,984.0
PA05OL,hard,19,1133.0
PA05OL,hard,19,16.0
PA05OL,hard,19,949.0
PA05OL,hard,19,1774.0
PA05OL,hard,19,1566.0
PA05OL,hard,19,1250.0
PA05OL,hard,19,1254.0
PA05OL,hard,19,2661.0
PA05OL,hard,19,1283.0
PA05OL,hard,19,83.0
PA05OL,hard,19,1267.0
PA05OL,hard,19,3600.0
PA05OL,hard,19,1299.0
PA05OL,normal,0,1568.0
PA05OL,normal,0,2865.0
PA05OL,normal,0,2272.0
PA05OL,normal,0,1987.0
PA05OL,normal,0,3088.0
PA05OL,normal,0,870.0
PA05OL,normal,0,112.0
PA05OL,normal,0,2995.0
PA05OL,normal,0,3330.0
PA05OL,normal,1,2645.0
PA05OL,normal,1,2141.0
PA05OL,normal,1,1650.0
PA05OL,normal,1,835.0
PA05OL,normal,1,2017.0
PA05OL,normal,1,1850.0
PA05OL,normal,2,2144.0
PA05OL,normal,2,80.0
PA05OL,normal,2,3009.0
PA05OL,normal,2,96.0
PA05OL,normal,2,96.0
PA05OL,normal,2,3010.0
PA05OL,normal,2,2131.0
PA05OL,normal,2,1568.0
PA05OL,normal,4,1098.0
PA05OL,normal,4,183.0
PA05OL,normal,5,2898.0
PA05OL,normal,5,2246.0
PA05OL,normal,5,2546.0
PA05OL,normal,5,367.0
PA05OL,normal,5,2650.0
PA05OL,normal,5,2284.0
PA05OL,normal,5,801.0
PA05OL,normal,5,2119.0
PA05OL,normal,5,576.0
PA05OL,normal,5,544.0
PA05OL,normal,5,2241.0
PA05OL,normal,5,2918.0
PA05OL,normal,5,883.0
PA05OL,normal,5,1467.0
PA05OL,normal,5,3617.0
PA05OL,normal,5,984.0
PA05OL,normal,5,321.0
PA05OL,normal,5,2053.0
PA05OL,normal,5,673.0
PA05OL,normal,5,2995.0
PA05OL,normal,5,855.0
PA05OL,normal,5,938.0
PA05OL,normal,5,1072.0
PA05OL,normal,5,1298.0
PA05OL,normal,5,1296.0
PA05OL,normal,5,1360.0
PA05OL,normal,5,560.0
PA05OL,normal,6,1424.0
PA05OL,normal,6,1680.0
PA05OL,normal,6,864.0
PA05OL,normal,6,2224.0
PA05OL,normal,6,1713.0
PA05OL,normal,6,96.0
PA05OL,normal,6,1632.0
PA05OL,normal,6,560.0
PA05OL,normal,6,1440.0
PA05OL,normal,6,944.0
PA05OL,normal,6,1459.0
PA05OL,normal,6,672.0
PA05OL,normal,6,1184.0
PA05OL,normal,6,16.0
PA05OL,normal,6,944.0
PA05OL,normal,7,1985.0
PA05OL,normal,7,1344.0
PA05OL,normal,7,2690.0
PA05OL,normal,7,2286.0
PA05OL,normal,7,2733.0
PA05OL,normal,7,3483.0
PA05OL,normal,7,562.0
PA05OL,normal,7,624.0
PA05OL,normal,7,946.0
PA05OL,normal,7,5985.0
PA05OL,normal,7,528.0
PA05OL,normal,7,880.0
PA05OL,normal,7,1328.0
PA05OL,normal,7,784.0
PA05OL,normal,7,1344.0
PA05OL,normal,7,849.0
PA05OL,normal,7,1824.0
PA05OL,normal,7,1698.0
PA05OL,normal,7,2227.0
PA05OL,normal,7,1586.0
PA05OL,normal,8,1600.0
PA05OL,normal,8,1056.0
PA05OL,normal,8,2516.0
PA05OL,normal,8,1156.0
PA05OL,normal,8,3569.0
PA05OL,normal,8,100.0
PA05OL,normal,8,1200.0
PA05OL,normal,8,416.0
PA05OL,normal,8,566.0
PA05OL,normal,8,1749.0
PA05OL,normal,9,1104.0
PA05OL,normal,9,1713.0
PA05OL,normal,9,1568.0
PA05OL,normal,9,1488.0
PA05OL,normal,9,1906.0
PA05OL,normal,9,2021.0
PA05OL,normal,9,1639.0
PA05OL,normal,9,2338.0
PA05OL,normal,9,1010.0
PA05OL,normal,9,1088.0
PA05OL,normal,9,992.0
PA05OL,normal,9,1671.0
PA05OL,normal,9,1344.0
PA05OL,normal,9,466.0
PA05OL,normal,9,676.0
PA05OL,normal,9,48.0
PA05OL,normal,9,3961.0
PA05OL,normal,9,1084.0
PA05OL,normal,9,1017.0
PA05OL,normal,9,2301.0
PA05OL,normal,9,812.0
PA05OL,normal,9,1533.0
PA05OL,normal,9,932.0
PA05OL,normal,9,1233.0
PA05OL,normal,9,2067.0
PA05OL,normal,9,3358.0
PA05OL,normal,9,641.0
PA05OL,normal,9,1520.0
PA05OL,normal,9,961.0
PA05OL,normal,9,1312.0
PA05OL,normal,9,1248.0
PA05OL,normal,9,769.0
PA05OL,normal,9,80.0
PA05OL,normal,9,32.0
PA05OL,normal,9,786.0
PA05OL,normal,9,1200.0
PA05OL,normal,9,1621.0
PA05OL,normal,9,1540.0
PA05OL,normal,9,1106.0
PA05OL,normal,9,1169.0
PA05OL,normal,9,1073.0
PA05OL,normal,9,724.0
PA05OL,normal,9,1045.0
PA05OL,normal,9,2035.0
PA05OL,normal,9,1603.0
PA05OL,normal,9,1363.0
PA05OL,normal,9,1472.0
PA05OL,normal,10,48.0
PA05OL,normal,10,3377.0
PA05OL,normal,10,80.0
PA05OL,normal,10,2371.0
PA05OL,normal,10,1197.0
PA05OL,normal,10,84.0
PA05OL,normal,10,1166.0
PA05OL,normal,10,2300.0
PA05OL,normal,10,2633.0
PA05OL,normal,10,733.0
PA05OL,normal,10,216.0
PA05OL,normal,10,49.0
PA05OL,normal,10,2067.0
PA05OL,normal,10,1267.0
PA05OL,normal,10,1949.0
PA05OL,normal,11,2342.0
PA05OL,normal,12,2257.0
PA05OL,normal,12,32.0
PA05OL,normal,12,1377.0
PA05OL,normal,12,1520.0
PA05OL,normal,12,2918.0
PA05OL,normal,12,2050.0
PA05OL,normal,12,1900.0
PA05OL,normal,13,544.0
PA05OL,normal,13,2626.0
PA05OL,normal,13,1024.0
PA05OL,normal,13,80.0
PA05OL,normal,13,1493.0
PA05OL,normal,13,1138.0
PA05OL,normal,13,1686.0
PA05OL,normal,13,3101.0
PA05OL,normal,13,83.0
PA05OL,normal,14,1489.0
PA05OL,normal,14,945.0
PA05OL,normal,14,1950.0
PA05OL,normal,14,50.0
PA05OL,normal,14,2017.0
PA05OL,normal,14,133.0
PA05OL,normal,14,2050.0
PA05OL,normal,14,1983.0
PA05OL,normal,14,1233.0
PA05OL,normal,14,1650.0
PA05OL,normal,14,1833.0
PA05OL,normal,14,1819.0
PA05OL,normal,14,1588.0
PA05OL,normal,14,2103.0
PA05OL,normal,14,1884.0
PA05OL,normal,14,1635.0
PA05OL,normal,14,1754.0
PA05OL,normal,14,594.0
PA05OL,normal,14,1175.0
PA05OL,normal,14,1000.0
PA05OL,normal,14,50.0
PA05OL,normal,14,1263.0
PA05OL,normal,15,1296.0
PA05OL,normal,15,1712.0
PA05OL,normal,15,2725.0
PA05OL,normal,15,723.0
PA05OL,normal,15,1398.0
PA05OL,normal,15,2117.0
PA05OL,normal,15,532.0
PA05OL,normal,15,2098.0
PA05OL,normal,15,2200.0
PA05OL,normal,15,2934.0
PA05OL,normal,15,850.0
PA05OL,normal,15,1200.0
PA05OL,normal,15,1133.0
PA05OL,normal,16,2787.0
PA05OL,normal,16,1776.0
PA05OL,normal,16,2641.0
PA05OL,normal,16,32.0
PA05OL,normal,16,1166.0
PA05OL,normal,16,1633.0
PA05OL,normal,16,2648.0
PA05OL,normal,16,1682.0
PA05OL,normal,17,1553.0
PA05OL,normal,18,5650.0
PA05OL,normal,18,3173.0
PA05OL,normal,18,1817.0
PA05OL,normal,18,1633.0
PA05OL,normal,18,201.0
PA05OL,normal,18,967.0
PA05OL,normal,18,432.0
PA05OL,normal,18,1908.0
PA05OL,normal,18,2128.0
PA05OL,normal,18,1426.0
PA05OL,normal,18,1110.0
PA05OL,normal,18,736.0
PA05OL,normal,18,912.0
PA05OL,normal,18,288.0
PA05OL,normal,18,1441.0
PA05OL,normal,18,1250.0
PA05OL,normal,18,1440.0
PA05OL,normal,18,1217.0
PA05OL,normal,18,2528.0
PA05OL,normal,18,848.0
PA05OL,normal,18,1632.0
PA05OL,normal,18,752.0
PA05OL,normal,18,2193.0
PA05OL,normal,18,2113.0
PA05OL,normal,18,544.0
PA05OL,normal,18,1904.0
PA05OL,normal,18,2049.0
PA05OL,normal,18,208.0
PA05OL,normal,18,1441.0
PA05OL,normal,19,16.0
PA05OL,normal,19,732.0
PA05OL,normal,19,48.0
PA05OL,normal,19,2243.0
PA05OL,normal,19,4200.0
PA05OL,normal,19,3467.0
PA05OL,normal,19,601.0
PA05OL,normal,19,231.0
PA05OL,normal,19,1079.0
PA05OL,normal,19,1664.0
PA05OL,normal,19,1217.0
PA05OL,normal,19,67.0
PA05OL,normal,19,1950.0
PA05OL,normal,19,67.0
PA05OL,normal,19,916.0
PA05OL,normal,19,1100.0
PA05OL,normal,19,2132.0
PA05OL,normal,19,467.0
PA05OL,normal,19,966.0
PA05OL,normal,19,1185.0
PA05OL,normal,19,1409.0
PA05OL,normal,19,1113.0
PI10MA,easy,1,1920.0
PI10MA,easy,4,2883.0
PI10MA,easy,4,933.0
PI10MA,easy,4,2967.0
PI10MA,easy,5,2112.0
PI10MA,easy,5,1155.0
PI10MA,easy,6,9900.0
PI10MA,easy,6,10484.0
PI10MA,easy,7,19967.0
PI10MA,easy,10,1313.0
PI10MA,easy,10,15807.0
PI10MA,easy,10,608.0
PI10MA,easy,11,37887.0
PI10MA,easy,13,2800.0
PI10MA,easy,13,2256.0
PI10MA,easy,15,11501.0
PI10MA,easy,17,7894.0
PI10MA,easy,17,15651.0
PI10MA,easy,17,976.0
PI10MA,easy,17,2290.0
PI10MA,easy,17,3328.0
PI10MA,hard,5,1150.0
PI10MA,hard,5,1383.0
PI10MA,hard,8,47235.0
PI10MA,hard,12,21948.0
PI10MA,hard,14,1360.0
PI10MA,hard,14,1760.0
PI10MA,hard,19,16.0
PI10MA,hard,19,64.0
PI10MA,hard,19,18921.0
PI10MA,hard,19,8417.0
PI10MA,hard,19,4616.0
PI10MA,normal,1,633.0
PI10MA,normal,1,517.0
PI10MA,normal,1,2167.0
PI10MA,normal,1,1450.0
PI10MA,normal,4,1216.0
PI10MA,normal,5,9202.0
PI10MA,normal,5,10383.0
PI10MA,normal,8,17713.0
PI10MA,normal,8,7232.0
PI10MA,normal,8,896.0
PI10MA,normal,8,256.0
PI10MA,normal,8,64.0
PI10MA,normal,8,1280.0
PI10MA,normal,8,960.0
PI10MA,normal,8,1040.0
PI10MA,normal,8,3744.0
PI10MA,normal,9,49155.0
PI10MA,normal,10,1117.0
PI10MA,normal,14,756.0
TI01NI,easy,1,9035.0
TI01NI,easy,1,14401.0
TI01NI,easy,4,1183.0
TI01NI,easy,5,1344.0
TI01NI,easy,5,480.0
TI01NI,easy,5,3893.0
TI01NI,easy,5,689.0
TI01NI,easy,9,7252.0
TI01NI,easy,9,1568.0
TI01NI,easy,9,4403.0
TI01NI,easy,10,10176.0
TI01NI,easy,10,192.0
TI01NI,easy,10,496.0
TI01NI,easy,11,624.0
TI01NI,easy,11,2767.0
TI01NI,easy,11,9791.0
TI01NI,easy,11,230.0
TI01NI,easy,14,9199.0
TI01NI,easy,14,2641.0
TI01NI,easy,14,1200.0
TI01NI,easy,14,7238.0
TI01NI,easy,14,8196.0
TI01NI,easy,14,2216.0
TI01NI,easy,14,1384.0
TI01NI,easy,14,4384.0
TI01NI,easy,16,3817.0
TI01NI,easy,17,2150.0
TI01NI,easy,17,2001.0
TI01NI,easy,17,1765.0
TI01NI,easy,19,4450.0
TI01NI,easy,19,1550.0
TI01NI,hard,1,467.0
TI01NI,hard,1,7016.0
TI01NI,hard,1,4484.0
TI01NI,hard,2,717.0
TI01NI,hard,2,1300.0
TI01NI,hard,11,3966.0
TI01NI,hard,11,1417.0
TI01NI,hard,11,3966.0
TI01NI,hard,11,3100.0
TI01NI,hard,11,4150.0
TI01NI,hard,11,1433.0
TI01NI,hard,11,317.0
TI01NI,hard,11,433.0
TI01NI,hard,11,4384.0
TI01NI,hard,11,1500.0
TI01NI,hard,11,367.0
TI01NI,hard,11,11467.0
TI01NI,hard,12,6575.0
TI01NI,hard,12,9807.0
TI01NI,hard,12,350.0
TI01NI,hard,12,2660.0
TI01NI,hard,12,297.0
TI01NI,hard,12,4236.0
TI01NI,hard,12,800.0
TI01NI,hard,13,7840.0
TI01NI,hard,13,591.0
TI01NI,hard,13,3284.0
TI01NI,hard,13,3492.0
TI01NI,hard,13,2513.0
TI01NI,hard,13,8911.0
TI01NI,hard,13,2434.0
TI01NI,hard,14,6858.0
TI01NI,hard,14,4722.0
TI01NI,hard,14,736.0
TI01NI,hard,14,4480.0
TI01NI,hard,14,1905.0
TI01NI,hard,15,11978.0
TI01NI,hard,15,432.0
TI01NI,hard,15,1666.0
TI01NI,hard,15,4915.0
TI01NI,hard,15,5506.0
TI01NI,hard,15,608.0
TI01NI,hard,16,7314.0
TI01NI,hard,16,1266.0
TI01NI,hard,16,184.0
TI01NI,hard,16,2233.0
TI01NI,hard,16,2912.0
TI01NI,hard,16,5288.0
TI01NI,hard,16,4516.0
TI01NI,hard,16,944.0
TI01NI,hard,16,560.0
TI01NI,hard,19,4502.0
TI01NI,normal,0,5669.0
TI01NI,normal,0,496.0
TI01NI,normal,0,2385.0
TI01NI,normal,0,688.0
TI01NI,normal,0,2697.0
TI01NI,normal,0,208.0
TI01NI,normal,0,6316.0
TI01NI,normal,0,3117.0
TI01NI,normal,0,1150.0
TI01NI,normal,0,2267.0
TI01NI,normal,0,2134.0
TI01NI,normal,0,1550.0
TI01NI,normal,0,4617.0
TI01NI,normal,0,5334.0
TI01NI,normal,2,960.0
TI01NI,normal,2,10147.0
TI01NI,normal,2,4180.0
TI01NI,normal,2,1601.0
TI01NI,normal,3,1649.0
TI01NI,normal,3,3392.0
TI01NI,normal,3,1136.0
TI01NI,normal,3,2416.0
TI01NI,normal,3,3280.0
TI01NI,normal,3,6001.0
TI01NI,normal,3,13913.0
TI01NI,normal,3,4201.0
TI01NI,normal,3,1831.0
TI01NI,normal,3,4367.0
TI01NI,normal,3,4668.0
TI01NI,normal,5,8866.0
TI01NI,normal,5,16221.0
TI01NI,normal,5,8318.0
TI01NI,normal,5,3782.0
TI01NI,normal,5,985.0
TI01NI,normal,5,1108.0
TI01NI,normal,6,960.0
TI01NI,normal,6,3456.0
TI01NI,normal,6,1472.0
TI01NI,normal,6,3360.0
TI01NI,normal,6,689.0
TI01NI,normal,6,3984.0
TI01NI,normal,6,1536.0
TI01NI,normal,6,12388.0
TI01NI,normal,7,2984.0
TI01NI,normal,7,6067.0
TI01NI,normal,7,4400.0
TI01NI,normal,7,1967.0
TI01NI,normal,8,2833.0
TI01NI,normal,8,2017.0
TI01NI,normal,9,2600.0
TI01NI,normal,9,2283.0
TI01NI,normal,9,484.0
TI01NI,normal,9,767.0
TI01NI,normal,9,2567.0
TI01NI,normal,9,5550.0
TI01NI,normal,11,864.0
TI01NI,normal,11,1200.0
TI01NI,normal,11,912.0
TI01NI,normal,11,4575.0
TI01NI,normal,11,1616.0
TI01NI,normal,11,8072.0
TI01NI,normal,11,2483.0
TI01NI,normal,11,3328.0
TI01NI,normal,11,3064.0
TI01NI,normal,11,5138.0
TI01NI,normal,12,550.0
TI01NI,normal,12,1117.0
TI01NI,normal,12,5606.0
TI01NI,normal,12,5514.0
TI01NI,normal,12,1583.0
TI01NI,normal,14,3150.0
TI01NI,normal,14,150.0
TI01NI,normal,14,483.0
TI01NI,normal,14,650.0
TI01NI,normal,14,4995.0
TI01NI,normal,14,4581.0
TI01NI,normal,15,9916.0
TI01NI,normal,15,6351.0
TI01NI,normal,15,2150.0
TI01NI,normal,15,1684.0
TI01NI,normal,17,63.0
TI01NI,normal,17,3724.0
TI01NI,normal,18,12306.0
TI01NI,normal,18,3472.0
TI01NI,normal,18,5810.0
TI01NI,normal,18,4789.0
TI01NI,normal,18,432.0
